first_name,last_name,city,state_abbrev,shirt_or_hat,comp_points,team,signup,id_number,company
Janice,Howell,Los Angeles,CA,hat,100,red,2015-02-07,9500,Homenick Group
Wanda,Alvarez,Riverside,CA,shirt,20,blue,2016-06-06,9501,Nicolas Inc
Laura,Olson,San Mateo,CA,shirt,90,green,2014-06-17,9502,Hoeger-OKeefe
Jack,Garcia,Hicksville,NY,shirt,90,red,2015-09-05,9503,
Ryan,Rice,Wilmington,DE,shirt,70,blue,2014-06-16,9504,Carter-VonRueden
Christine,Wood,Grand Rapids,MI,shirt,50,green,2015-06-12,9505,Zboncak-Leannon
Dennis,Banks,New York City,NY,hat,20,red,2016-02-19,9506,"Ullrich, Schroeder and Rempel"
Paula,Montgomery,Mobile,AL,shirt,90,blue,2015-10-17,9507,Krajcik-Koss
Jerry,Ferguson,Carol Stream,IL,shirt,80,green,2014-11-02,9508,"Tromp, Schuppe and Jacobs"
Donald,Black,Pensacola,FL,shirt,50,red,2016-10-12,9509,Cartwright LLC
Gerald,Johnston,Dallas,TX,shirt,70,blue,2016-04-24,9510,
Bonnie,Brooks,Bridgeport,CT,hat,90,green,2015-05-15,9511,Terry-Weber
Rose,Armstrong,Anchorage,AK,shirt,20,red,2015-11-17,9512,Bashirian Inc
Patrick,Johnson,Boise,ID,hat,80,blue,2015-03-21,9513,"Boehm, Grant and Kuphal"
Linda,Mitchell,Burbank,CA,shirt,70,green,2014-07-23,9514,Steuber LLC
Brian,George,Lake Worth,FL,hat,70,red,2014-03-10,9515,"Stehr, Windler and MacGyver"
Jonathan,Ryan,Alexandria,LA,hat,10,blue,2016-04-13,9516,"Davis, Stark and Spencer"
Paul,Williamson,Apache Junction,AZ,hat,40,green,2014-12-08,9517,Rohan and Sons
Robin,Hayes,Salinas,CA,shirt,10,red,2013-12-14,9518,"Cole, Cronin and Ruecker"
James,Graham,Ogden,UT,shirt,70,blue,2016-10-14,9519,Bosco Inc
Robert,Hart,Everett,WA,shirt,90,green,2014-08-19,9520,Gulgowski and Sons
Joe,Thompson,Peoria,IL,shirt,100,red,2016-07-02,9521,Yundt Group
Michelle,Montgomery,Salinas,CA,hat,70,blue,2016-06-01,9522,Treutel-Luettgen
Randy,Oliver,Dallas,TX,hat,20,green,2014-04-25,9523,Rice Group
Earl,Snyder,Birmingham,AL,hat,100,red,2016-09-08,9524,Mills and Sons
Helen,Berry,New Haven,CT,shirt,70,blue,2014-11-06,9525,Gerhold-Runte
Christina,Evans,Phoenix,AZ,shirt,80,green,2016-06-07,9526,Hagenes and Sons
Scott,Thompson,Des Moines,IA,hat,90,red,2015-11-29,9527,"Lang, Spinka and Herman"
Gerald,Montgomery,Albuquerque,NM,shirt,20,blue,2014-08-27,9528,Zulauf-Kozey
Nicole,Willis,Fargo,ND,hat,100,green,2015-12-04,9529,Simonis LLC
John,Howard,Albany,NY,hat,90,red,2013-11-28,9530,Denesik Inc
Donna,Daniels,Port Charlotte,FL,hat,100,blue,2015-08-22,9531,Ziemann and Sons
Michelle,Nelson,Springfield,MA,hat,90,green,2015-07-31,9532,"Schowalter, Bogan and Franecki"
Gary,Peters,Carson City,NV,shirt,80,red,2016-07-18,9533,
Donald,Ellis,El Paso,TX,hat,30,blue,2014-07-11,9534,Hickle and Sons
Sharon,Brown,Portland,OR,hat,100,green,2014-07-29,9535,"Sipes, Adams and Steuber"
Margaret,Hamilton,Detroit,MI,hat,20,red,2016-06-22,9536,"Dickinson, Lakin and Waters"
Richard,Fox,Baton Rouge,LA,hat,30,blue,2014-04-17,9537,Jaskolski and Sons
Linda,Foster,Austin,TX,shirt,90,green,2016-08-28,9538,Collins and Sons
Janet,Rodriguez,Stockton,CA,hat,20,red,2015-01-11,9539,
Jacqueline,Morales,Fairfax,VA,shirt,30,blue,2016-01-08,9540,
Barbara,Ortiz,Los Angeles,CA,shirt,100,green,2015-08-16,9541,"Smitham, Kertzmann and Leffler"
Tina,Greene,Seattle,WA,hat,80,red,2014-05-29,9542,"Becker, Davis and Moen"
Roy,Lopez,San Francisco,CA,hat,10,blue,2015-08-12,9543,Schneider and Sons
David,Ford,Fort Wayne,IN,shirt,40,green,2015-01-19,9544,"Howe, Reinger and Ondricka"
Robert,Bradley,Chicago,IL,hat,90,red,2015-02-25,9545,"Gottlieb, Ebert and Kuphal"
Paul,Schmidt,Davenport,IA,shirt,100,blue,2015-08-22,9546,"Luettgen, Schroeder and Green"
Christina,Watkins,Montpelier,VT,hat,70,green,2016-04-18,9547,Hauck-Brakus
Carlos,Gray,Garden Grove,CA,hat,80,red,2016-01-08,9548,Johnston-Labadie
Raymond,Reyes,Paterson,NJ,hat,10,blue,2016-06-19,9549,
Sarah,Fernandez,Inglewood,CA,hat,20,green,2016-08-31,9550,"Marks, Stanton and Mann"
Stephen,Jacobs,Arlington,TX,shirt,20,red,2016-01-04,9551,Frami Inc
Anne,Ellis,Baton Rouge,LA,hat,80,blue,2014-06-14,9552,Padberg-Swaniawski
Teresa,Martinez,Springfield,MA,hat,100,green,2016-04-28,9553,Boehm-Shields
Catherine,Rodriguez,Rochester,NY,hat,90,red,2014-08-12,9554,"Kemmer, Trantow and Wuckert"
Lawrence,Hill,Saint Petersburg,FL,shirt,80,blue,2014-01-04,9555,
Ann,Adams,Lincoln,NE,shirt,80,green,2016-06-15,9556,Mertz Group
Victor,Shaw,Olympia,WA,hat,90,red,2016-03-29,9557,Spinka and Sons
Fred,Peters,Pittsburgh,PA,hat,100,blue,2015-07-19,9558,Collier Inc
Jerry,Henderson,Tucson,AZ,shirt,100,green,2016-04-02,9559,"Boehm, Ziemann and Maggio"
Philip,Ray,Brooklyn,NY,hat,10,red,2014-12-02,9560,White Group
James,Morrison,Bradenton,FL,hat,80,blue,2015-02-11,9561,Keebler Inc
Lawrence,Hart,Jacksonville,FL,shirt,100,green,2016-02-24,9562,Renner Group
Willie,Thomas,Wilkes Barre,PA,hat,100,red,2015-04-16,9563,Schimmel Inc
Richard,White,Reston,VA,hat,90,blue,2014-12-15,9564,Morar-Gulgowski
Laura,Brown,Miami,FL,shirt,70,green,2016-01-19,9565,
Keith,Ferguson,Jefferson City,MO,hat,80,red,2015-12-20,9566,Purdy-Hahn
Doris,Cruz,Saint Petersburg,FL,hat,80,blue,2016-01-31,9567,
Rose,Williams,Fort Lauderdale,FL,shirt,80,green,2015-02-13,9568,"Heaney, Pouros and Crist"
Nicole,Banks,San Francisco,CA,shirt,50,red,2016-07-13,9569,Collins Group
Teresa,Oliver,Arvada,CO,hat,90,blue,2015-05-18,9570,Frami and Sons
Rose,Kelley,Wichita,KS,hat,60,green,2015-04-27,9571,Green-Lind
Brian,Palmer,Fresno,CA,shirt,30,red,2016-02-02,9572,
Philip,Carr,New York City,NY,hat,10,blue,2015-06-08,9573,"Shanahan, DuBuque and Treutel"
Sharon,Foster,Detroit,MI,hat,70,green,2016-06-24,9574,Connelly-Fay
Douglas,Williamson,Houston,TX,shirt,30,red,2015-04-02,9575,Bashirian LLC
Dennis,Harper,Fort Lauderdale,FL,shirt,20,blue,2015-04-24,9576,Metz-Kling
Roy,Rivera,Minneapolis,MN,shirt,60,green,2015-12-23,9577,"Hayes, Greenfelder and Schulist"
Billy,Marshall,Salinas,CA,shirt,90,red,2015-09-17,9578,Heidenreich-Reynolds
Louise,Knight,Fort Smith,AR,hat,30,blue,2014-04-12,9579,Windler-Ondricka
Jennifer,Lawson,Des Moines,IA,hat,80,green,2015-09-27,9580,Schumm-Jakubowski
Kevin,Martinez,Denver,CO,hat,90,red,2014-01-25,9581,Rowe-Ferry
Carol,Matthews,Shawnee Mission,KS,hat,90,blue,2015-01-04,9582,"Hirthe, Barton and McGlynn"
Kimberly,Fernandez,Allentown,PA,hat,100,green,2014-09-16,9583,Dicki Group
Matthew,Bowman,Raleigh,NC,hat,20,red,2015-06-03,9584,"Lesch, Mante and Durgan"
Annie,Greene,Miami,FL,hat,20,blue,2015-02-11,9585,Cormier-Altenwerth
Anthony,Day,Norfolk,VA,shirt,100,green,2014-03-01,9586,Prohaska LLC
Jack,Gutierrez,Milwaukee,WI,shirt,100,red,2016-10-23,9587,Schmeler Group
William,Richardson,Richmond,VA,hat,40,blue,2013-12-26,9588,"Corwin, Kulas and Wilderman"
Howard,Gilbert,Syracuse,NY,hat,90,green,2014-11-11,9589,Wilkinson-Jacobson
Angela,Martinez,Memphis,TN,hat,50,red,2016-06-18,9590,Prosacco-Beatty
Shirley,Green,Tacoma,WA,hat,10,blue,2014-07-20,9591,
Sarah,Payne,Corpus Christi,TX,hat,90,green,2016-05-28,9592,
Donna,Carr,West Palm Beach,FL,shirt,90,red,2014-12-16,9593,"Bins, Schneider and Rutherford"
Philip,Kim,Sacramento,CA,hat,10,blue,2015-02-18,9594,"Rodriguez, Schroeder and Rippin"
Joyce,Marshall,Erie,PA,hat,70,green,2014-04-04,9595,Moen-Gutkowski
Jesse,Jenkins,Lakewood,WA,shirt,20,red,2014-11-30,9596,Nitzsche-Veum
Robert,Hart,Richmond,VA,shirt,90,blue,2016-07-27,9597,"White, Herman and Bailey"
Kelly,Perkins,New Orleans,LA,hat,100,green,2014-09-06,9598,Herman Inc
James,Murray,Cincinnati,OH,shirt,40,red,2016-09-30,9599,Trantow-Carroll
Michael,Turner,Tampa,FL,hat,90,blue,2015-07-04,9600,Spinka-Gorczany
Donald,Greene,Miami,FL,hat,100,green,2014-11-26,9601,"Stanton, Runolfsdottir and Pouros"
Willie,Hudson,Albany,GA,shirt,10,red,2016-07-04,9602,"Howe, Romaguera and Osinski"
Judith,Mason,Shreveport,LA,shirt,100,blue,2015-08-23,9603,"Kozey, Padberg and White"
Kathleen,Bryant,Huntington,WV,shirt,50,green,2014-08-07,9604,"McKenzie, Runolfsdottir and Green"
Tina,Alexander,Philadelphia,PA,hat,70,red,2015-08-02,9605,"Maggio, Schiller and Rippin"
Antonio,West,New York City,NY,hat,90,blue,2015-05-30,9606,Welch LLC
Nicole,Powell,Milwaukee,WI,hat,10,green,2014-09-08,9607,
Kimberly,Black,Largo,FL,hat,80,red,2014-01-13,9608,Weber-Crona
Matthew,Woods,New York City,NY,shirt,10,blue,2015-12-06,9609,Russel-Shields
Nicole,Carter,Jamaica,NY,hat,70,green,2013-11-19,9610,"Gulgowski, Pfeffer and Sanford"
Jason,Cole,Orlando,FL,hat,100,red,2016-05-24,9611,"Murphy, Beier and Jacobi"
Jerry,Hawkins,San Francisco,CA,hat,10,blue,2014-04-25,9612,Schamberger Inc
Nicholas,Cruz,Louisville,KY,hat,80,green,2016-08-09,9613,Terry-Rippin
Lillian,King,Houston,TX,shirt,90,red,2016-03-20,9614,Kemmer-Berge
Albert,Lawson,San Francisco,CA,hat,80,blue,2016-10-21,9615,"Kessler, Stamm and Dickinson"
Roy,Reid,Dallas,TX,shirt,90,green,2015-06-29,9616,Bruen-Rolfson
David,Davis,Sterling,VA,hat,90,red,2016-04-21,9617,
Ralph,Burke,Boston,MA,shirt,50,blue,2015-03-15,9618,Ward LLC
Lori,Watson,Reston,VA,hat,60,green,2015-10-29,9619,"Douglas, Bernier and Klein"
Clarence,Reed,Waco,TX,shirt,100,red,2014-01-27,9620,Wolff Inc
Debra,Scott,Santa Fe,NM,hat,30,blue,2015-03-18,9621,Stracke Group
Victor,Johnson,Brooklyn,NY,shirt,100,green,2014-02-25,9622,"Kessler, Keeling and Terry"
Jason,Lynch,Greensboro,NC,shirt,100,red,2014-08-21,9623,Ratke-Bosco
Eugene,Stewart,Greeley,CO,hat,90,blue,2014-08-21,9624,
Johnny,Lopez,Rockford,IL,hat,80,green,2016-06-22,9625,Rodriguez and Sons
Anna,Cooper,San Antonio,TX,shirt,100,red,2014-07-17,9626,Goodwin LLC
Maria,Simmons,Bloomington,IN,shirt,80,blue,2015-06-26,9627,"Morissette, Larkin and Murazik"
Billy,Gray,Columbia,SC,hat,90,green,2015-05-24,9628,"Hettinger, Corwin and Kautzer"
Jonathan,Cook,Portland,OR,shirt,60,red,2015-09-03,9629,Rolfson-Barrows
Kevin,Nguyen,Portsmouth,NH,hat,40,blue,2016-08-02,9630,"Borer, Kutch and Turcotte"
Cheryl,Myers,Honolulu,HI,shirt,100,green,2016-02-29,9631,
Ruth,Scott,Pittsburgh,PA,hat,90,red,2016-02-04,9632,Hintz-Metz
Betty,Wilson,New York City,NY,hat,80,blue,2015-12-22,9633,Wunsch-Stanton
Robin,Shaw,Wilmington,NC,shirt,90,green,2015-11-09,9634,Bosco-Thiel
Diana,Gonzales,San Jose,CA,hat,90,red,2014-04-10,9635,Koelpin Group
Lawrence,Torres,Warren,MI,shirt,20,blue,2014-02-19,9636,
Lillian,Rodriguez,Bridgeport,CT,hat,30,green,2016-09-07,9637,Quigley-Durgan
Stephanie,Martinez,Las Vegas,NV,shirt,10,red,2015-11-11,9638,Towne-Zemlak
Andrew,Parker,Norwalk,CT,shirt,30,blue,2014-05-19,9639,Weber-Lakin
Shawn,Thompson,Lubbock,TX,shirt,70,green,2016-05-06,9640,
Joyce,Payne,Santa Monica,CA,shirt,90,red,2016-03-13,9641,Predovic Inc
Sandra,Green,Fort Wayne,IN,hat,40,blue,2016-09-24,9642,Davis and Sons
Ernest,Mills,San Jose,CA,shirt,80,green,2015-02-17,9643,
Janet,Brooks,Richmond,VA,shirt,70,red,2014-10-11,9644,Kilback LLC
Jerry,Fisher,Wichita,KS,shirt,30,blue,2015-11-03,9645,Balistreri Group
Rachel,Robinson,Atlanta,GA,hat,60,green,2015-06-27,9646,Marks LLC
Martin,Murray,Bridgeport,CT,shirt,90,red,2014-05-20,9647,"Ruecker, Bruen and Maggio"
Gary,Young,Fayetteville,NC,hat,70,blue,2014-06-04,9648,Ernser-Jast
Joan,Watkins,Minneapolis,MN,hat,70,green,2015-01-27,9649,Morissette and Sons
Harold,Patterson,Fort Pierce,FL,shirt,50,red,2015-11-06,9650,Gibson Group
Edward,Adams,New Orleans,LA,hat,60,blue,2014-03-18,9651,"Gerlach, Upton and Maggio"
Andrew,Peterson,Farmington,MI,hat,50,green,2016-05-12,9652,Gulgowski Group
Jennifer,Morgan,Youngstown,OH,hat,80,red,2014-01-21,9653,Muller-OKon
Larry,Cruz,Woburn,MA,hat,80,blue,2014-01-02,9654,OHara-Veum
Ronald,Hughes,Los Angeles,CA,hat,100,green,2016-10-22,9655,"Langworth, Schaefer and Stanton"
Karen,Kelley,Naples,FL,hat,80,red,2014-09-23,9656,"Senger, Casper and Koss"
Jacqueline,Stanley,Fort Lauderdale,FL,shirt,40,blue,2015-09-05,9657,"Huel, Cummerata and Halvorson"
Larry,Gomez,Kansas City,MO,hat,100,green,2016-10-08,9658,Bergnaum-Marks
Kathryn,Welch,Olympia,WA,hat,10,red,2015-05-12,9659,Mayert and Sons
Phyllis,Webb,Odessa,TX,shirt,100,blue,2016-08-14,9660,"Carroll, Yost and Lang"
Walter,Hughes,Long Beach,CA,hat,100,green,2015-04-01,9661,"Robel, Langworth and Kemmer"
Amy,Crawford,Phoenix,AZ,shirt,90,red,2015-04-08,9662,Durgan Inc
Jeffrey,Dunn,San Diego,CA,shirt,40,blue,2016-07-08,9663,Goyette-Kerluke
Joan,Wheeler,Birmingham,AL,shirt,60,green,2014-02-02,9664,OHara Group
Matthew,Castillo,Mobile,AL,shirt,10,red,2014-12-13,9665,Jaskolski-Larson
Peter,Nelson,Tallahassee,FL,hat,100,blue,2015-05-22,9666,"Steuber, Watsica and Little"
Jacqueline,Evans,Miami,FL,shirt,90,green,2015-08-15,9667,"Roob, Mohr and Baumbach"
Matthew,Nichols,Saint Louis,MO,shirt,10,red,2014-01-11,9668,"Wolff, Powlowski and Nitzsche"
Keith,Gordon,Hartford,CT,shirt,70,blue,2014-10-19,9669,Gulgowski-Smitham
Irene,Perkins,Lincoln,NE,shirt,60,green,2015-01-20,9670,"Lesch, Frami and Raynor"
Jack,Dean,Portland,OR,shirt,100,red,2013-12-22,9671,Bayer-Hilll
Eugene,Jackson,Denver,CO,hat,80,blue,2015-03-12,9672,OConnell Inc
Tammy,Gonzales,Columbia,SC,shirt,90,green,2014-11-01,9673,
Carlos,Morrison,Houston,TX,hat,10,red,2013-12-06,9674,Hand and Sons
Anna,Bryant,Durham,NC,hat,10,blue,2015-03-12,9675,"Stroman, Bergstrom and Ryan"
Benjamin,Bowman,Orlando,FL,shirt,20,green,2016-09-09,9676,Sauer LLC
Lois,Coleman,Kansas City,MO,hat,80,red,2016-03-29,9677,Krajcik and Sons
Carolyn,Mills,Tampa,FL,shirt,40,blue,2014-06-04,9678,Pollich-Rice
Deborah,Lee,San Francisco,CA,hat,50,green,2014-09-03,9679,Langosh and Sons
Denise,Gutierrez,Abilene,TX,hat,100,red,2015-02-12,9680,
Ryan,Ramos,Houston,TX,shirt,90,blue,2016-09-28,9681,Haag-Rodriguez
Clarence,Watson,New York City,NY,shirt,10,green,2016-05-02,9682,Fisher LLC
Pamela,Chapman,Toledo,OH,shirt,50,red,2015-07-09,9683,
Jesse,Stone,Oakland,CA,hat,70,blue,2016-05-19,9684,Kiehn Inc
Jennifer,Medina,Birmingham,AL,shirt,100,green,2015-11-18,9685,Ullrich LLC
Jerry,Watkins,Daytona Beach,FL,hat,50,red,2015-01-22,9686,Nader LLC
Kevin,Russell,Southfield,MI,shirt,90,blue,2014-08-28,9687,
Brian,Carter,Philadelphia,PA,shirt,40,green,2014-11-16,9688,Gutmann Group
Phillip,Dixon,Brooklyn,NY,shirt,100,red,2014-01-13,9689,OHara-OKon
Joan,Vasquez,El Paso,TX,shirt,20,blue,2015-09-03,9690,"Luettgen, Cassin and Barrows"
William,Howard,Odessa,TX,hat,90,green,2016-05-21,9691,Nienow-Nitzsche
Bruce,Phillips,West Palm Beach,FL,hat,100,red,2015-10-21,9692,Jacobson-Bins
Catherine,Dean,Cincinnati,OH,hat,90,blue,2015-06-06,9693,Rau Inc
Raymond,Diaz,Columbus,OH,shirt,50,green,2015-03-09,9694,Goodwin LLC
Louis,Cole,San Bernardino,CA,shirt,100,red,2014-06-04,9695,
Doris,Lane,Miami,FL,hat,20,blue,2016-01-27,9696,Kub and Sons
Marilyn,Ferguson,Grand Rapids,MI,shirt,20,green,2015-04-26,9697,McCullough and Sons
Jose,Cooper,North Little Rock,AR,hat,90,red,2015-09-15,9698,Glover and Sons
Marilyn,Davis,Atlanta,GA,hat,100,blue,2015-05-09,9699,Schinner Inc
Martha,Cruz,Hollywood,FL,hat,10,green,2015-04-29,9700,Ernser-Weimann
Keith,Harrison,San Diego,CA,shirt,100,red,2016-05-28,9701,Pouros Inc
Emily,Elliott,Port Washington,NY,shirt,60,blue,2015-09-07,9702,
Louis,Hanson,Honolulu,HI,shirt,90,green,2016-02-13,9703,Morissette-Kassulke
Gerald,Price,Harrisburg,PA,hat,40,red,2015-11-11,9704,Dietrich Group
Kevin,Clark,Baton Rouge,LA,shirt,70,blue,2015-07-18,9705,Braun-Rau
Arthur,Bishop,Tacoma,WA,hat,20,green,2014-10-22,9706,"Grady, Ruecker and Howell"
Judy,Ramirez,San Diego,CA,hat,100,red,2013-12-10,9707,Brekke Group
Cheryl,Sims,Portland,OR,shirt,70,blue,2016-05-11,9708,
Stephanie,Russell,Oklahoma City,OK,shirt,80,green,2016-06-15,9709,Hermiston LLC
Joan,Perkins,Annapolis,MD,hat,90,red,2016-04-09,9710,
Lori,Johnson,Johnson City,TN,shirt,80,blue,2016-03-19,9711,"Predovic, Borer and Hauck"
Debra,Frazier,Las Vegas,NV,hat,50,green,2015-09-27,9712,Baumbach LLC
Carl,Mendoza,Akron,OH,hat,60,red,2016-08-08,9713,Hackett-Williamson
Nicole,Wallace,Silver Spring,MD,shirt,80,blue,2013-12-15,9714,Batz Inc
Alice,Miller,Daytona Beach,FL,hat,70,green,2015-11-29,9715,Padberg-Cummings
Terry,Fernandez,Shawnee Mission,KS,hat,40,red,2014-11-20,9716,
Ruth,Warren,Springfield,MA,hat,80,blue,2013-12-28,9717,Waelchi-Smith
Linda,Matthews,Miami,FL,hat,10,green,2014-11-28,9718,"Boyer, Senger and Lemke"
Chris,Wilson,Lake Charles,LA,hat,70,red,2014-02-24,9719,Hartmann-Kirlin
Susan,Welch,Rochester,NY,hat,70,blue,2016-11-14,9720,"Hoeger, Boyle and Emard"
Todd,Ross,Houston,TX,hat,20,green,2016-09-29,9721,
Andrea,Hart,Charleston,WV,hat,80,red,2014-07-24,9722,"Reinger, Hills and Anderson"
Gregory,Fields,Phoenix,AZ,hat,90,blue,2016-06-05,9723,"Parisian, Blanda and Schinner"
Henry,Burns,Santa Ana,CA,shirt,60,green,2014-06-03,9724,Jerde-Yundt
Chris,Jenkins,Albany,NY,shirt,70,red,2016-03-20,9725,Deckow-Hudson
Stephen,Carter,Dallas,TX,hat,70,blue,2015-05-18,9726,Gottlieb-Cole
Doris,Washington,El Paso,TX,hat,90,green,2015-12-08,9727,Bruen-Stracke
Wayne,Young,Great Neck,NY,hat,50,red,2016-05-15,9728,"OReilly, Pfeffer and Reichel"
Ashley,Harper,Nashville,TN,shirt,20,blue,2015-08-20,9729,"Lockman, Goodwin and Waelchi"
Randy,Wells,San Francisco,CA,hat,40,green,2014-02-22,9730,
Susan,Dixon,San Francisco,CA,hat,60,red,2014-05-09,9731,Reichel and Sons
Katherine,Warren,Canton,OH,shirt,80,blue,2016-06-20,9732,Bechtelar-Bosco
Thomas,Oliver,Santa Barbara,CA,hat,100,green,2016-04-12,9733,Friesen LLC
Harry,Freeman,Baltimore,MD,hat,60,red,2014-01-10,9734,"Harris, Corkery and Ryan"
Gloria,Roberts,Bakersfield,CA,hat,30,blue,2016-10-28,9735,"Roberts, Lynch and Nitzsche"
Dennis,Bishop,Sioux Falls,SD,hat,60,green,2015-05-11,9736,Goldner LLC
David,Roberts,Atlanta,GA,hat,90,red,2015-10-16,9737,Conn-Ryan
Melissa,Palmer,Wichita,KS,shirt,50,blue,2016-01-16,9738,
Gary,Greene,Mesa,AZ,hat,40,green,2015-10-08,9739,Moore-Rutherford
Joan,Elliott,Corona,CA,hat,60,red,2014-01-22,9740,Hauck-Gerlach
Bonnie,Sanchez,Fort Smith,AR,shirt,10,blue,2016-07-22,9741,Brekke-Romaguera
Thomas,Stewart,Atlanta,GA,shirt,50,green,2016-02-21,9742,"Toy, Tromp and Waters"
Gloria,Rogers,New York City,NY,shirt,10,red,2014-03-05,9743,"Wuckert, Huels and Wilderman"
Brenda,Miller,Cincinnati,OH,hat,100,blue,2013-11-29,9744,Schmeler-Miller
Keith,Scott,Tyler,TX,hat,90,green,2016-07-12,9745,Weber-Conn
Christopher,Kim,Oklahoma City,OK,hat,100,red,2016-07-25,9746,"Sporer, VonRueden and Casper"
Thomas,Martin,Sacramento,CA,shirt,90,blue,2016-05-04,9747,"Harris, Braun and Wisozk"
Terry,Bradley,Schenectady,NY,hat,60,green,2014-08-19,9748,"Deckow, Nikolaus and Considine"
Peter,Murray,Mobile,AL,hat,60,red,2016-05-03,9749,"McDermott, Koch and Mayert"
Matthew,Kelly,Louisville,KY,hat,70,blue,2015-12-02,9750,
David,Hunter,Albuquerque,NM,hat,60,green,2014-05-07,9751,Johns LLC
Donald,Phillips,Minneapolis,MN,hat,90,red,2016-10-18,9752,
Teresa,Perkins,Madison,WI,hat,50,blue,2016-05-27,9753,Wolf LLC
Ronald,Thomas,Tacoma,WA,hat,80,green,2015-09-25,9754,
Roy,Clark,Huntsville,AL,hat,60,red,2014-03-24,9755,"Goldner, Gulgowski and Murazik"
Nancy,Sullivan,Corpus Christi,TX,hat,90,blue,2015-09-26,9756,"Haag, Kerluke and Dach"
Willie,Elliott,Mesquite,TX,shirt,100,green,2015-09-19,9757,"Fay, Runte and Steuber"
Daniel,Williamson,San Francisco,CA,shirt,30,red,2014-05-24,9758,Hand LLC
Gloria,Reed,Fort Worth,TX,hat,100,blue,2016-09-16,9759,Little and Sons
Adam,West,Colorado Springs,CO,hat,40,green,2014-10-20,9760,Sipes LLC
Janice,Peterson,Montgomery,AL,hat,80,red,2014-09-25,9761,"Predovic, Baumbach and Denesik"
Matthew,Chavez,San Jose,CA,hat,50,blue,2014-06-11,9762,Metz-Bartoletti
Christina,Graham,Las Vegas,NV,hat,100,green,2016-11-01,9763,Tremblay-Robel
Emily,Richards,Columbus,OH,hat,20,red,2016-11-12,9764,Simonis-Wiegand
Lawrence,Ryan,Waterbury,CT,hat,70,blue,2014-09-13,9765,"Runolfsdottir, OConner and Marvin"
Annie,Richards,Littleton,CO,shirt,50,green,2015-04-23,9766,Hilpert-Thompson
Norma,Simpson,North Hollywood,CA,hat,90,red,2016-06-22,9767,
Larry,Cole,New York City,NY,hat,80,blue,2015-07-10,9768,Emmerich-Bradtke
Victor,Gray,Columbus,OH,shirt,80,green,2014-11-23,9769,"Williamson, Mraz and DAmore"
Lisa,Wallace,Louisville,KY,hat,80,red,2014-05-18,9770,Tromp-Romaguera
Rose,Burton,Spring,TX,shirt,90,blue,2016-06-29,9771,Reichel Group
Stephanie,Ryan,Buffalo,NY,hat,80,green,2014-10-16,9772,"Schroeder, Dickinson and Ryan"
Stephen,Howard,Phoenix,AZ,shirt,70,red,2016-02-03,9773,Lesch-Kovacek
Sarah,Allen,Anaheim,CA,hat,80,blue,2016-08-02,9774,
Ruth,Johnson,Kansas City,MO,shirt,10,green,2016-07-26,9775,"OConnell, Mills and Wehner"
Christine,Jacobs,Lexington,KY,hat,50,red,2015-12-14,9776,"Ondricka, Nitzsche and Lind"
Carolyn,Henry,Abilene,TX,shirt,90,blue,2014-01-02,9777,"Leuschke, Collins and Rath"
Jeffrey,Sanchez,Bethlehem,PA,shirt,80,green,2015-02-15,9778,"Schuppe, Mayert and Morissette"
Todd,Mason,Oklahoma City,OK,hat,90,red,2014-08-19,9779,Bednar LLC
Patricia,Riley,Louisville,KY,hat,40,blue,2014-03-22,9780,"Moore, Hyatt and Blick"
Mark,George,Metairie,LA,shirt,90,green,2014-12-25,9781,"Morissette, Kutch and Koch"
Amy,Warren,Mount Vernon,NY,hat,90,red,2014-09-11,9782,"Skiles, Leannon and Wyman"
Raymond,Stephens,Baltimore,MD,hat,90,blue,2016-04-03,9783,Kuhn Group
Frances,Barnes,San Antonio,TX,shirt,90,green,2016-09-26,9784,Feest-Price
Earl,Green,Independence,MO,shirt,100,red,2015-07-18,9785,Hauck-Wisozk
Janet,Ferguson,Florence,SC,shirt,90,blue,2014-08-06,9786,Auer and Sons
Antonio,Hart,Young America,MN,shirt,90,green,2013-12-18,9787,Feest Inc
Angela,Russell,Peoria,IL,hat,40,red,2016-10-01,9788,"Hodkiewicz, Osinski and Larson"
Joyce,Perry,San Antonio,TX,hat,90,blue,2013-11-20,9789,Reichert and Sons
Robin,Gardner,Vero Beach,FL,hat,30,green,2015-04-10,9790,Morar-Yundt
Louis,Cole,Chicago,IL,shirt,100,red,2015-05-21,9791,"Grady, Ernser and Wuckert"
Debra,Henry,Anderson,SC,hat,90,blue,2016-07-09,9792,Pollich Group
Rebecca,Henderson,Peoria,IL,hat,90,green,2014-02-13,9793,Hirthe Group
Stephen,Fernandez,Chicago,IL,hat,20,red,2014-05-28,9794,"Mante, Larkin and MacGyver"
Douglas,Freeman,Fort Lauderdale,FL,hat,60,blue,2015-09-21,9795,"Vandervort, Bartoletti and Stanton"
Ruth,Peterson,El Paso,TX,hat,70,green,2016-08-24,9796,Harris-Heidenreich
Richard,Myers,Charlotte,NC,shirt,20,red,2015-05-12,9797,"Schuster, Streich and Schaefer"
Steven,Green,Atlanta,GA,shirt,30,blue,2016-05-26,9798,
Roy,Stanley,Harrisburg,PA,hat,90,green,2015-08-29,9799,Hintz and Sons
Kathy,Riley,Memphis,TN,hat,60,red,2015-12-17,9800,Gaylord Inc
Wayne,Gutierrez,Sioux Falls,SD,shirt,80,blue,2015-03-20,9801,"Wehner, Beer and Fadel"
Jimmy,Wagner,Jackson,MS,hat,40,green,2015-08-25,9802,"Gusikowski, Gerlach and Kihn"
Annie,Kennedy,Punta Gorda,FL,hat,80,red,2016-01-01,9803,Green-Kreiger
Martha,Gardner,Huntington,WV,shirt,90,blue,2014-04-10,9804,Price-Effertz
Jennifer,Fowler,Albuquerque,NM,shirt,60,green,2015-03-04,9805,Baumbach Group
Steve,Gomez,Montgomery,AL,shirt,40,red,2014-01-18,9806,Weissnat-Cremin
Andrew,Cox,Philadelphia,PA,shirt,90,blue,2014-04-26,9807,Corkery LLC
Joseph,Howard,Baltimore,MD,shirt,100,green,2015-06-14,9808,"OKeefe, Nader and Bartell"
Cynthia,Evans,San Antonio,TX,shirt,30,red,2015-06-05,9809,"Emard, Ruecker and Halvorson"
Kevin,Fox,Birmingham,AL,hat,90,blue,2015-07-15,9810,Lind-Bernier
George,White,Billings,MT,hat,70,green,2014-01-09,9811,Cremin-Pagac
Sandra,Bryant,Newport Beach,CA,hat,80,red,2016-07-07,9812,
Linda,Garrett,Louisville,KY,hat,50,blue,2014-09-19,9813,"Macejkovic, Orn and Smith"
Mark,Williams,Jacksonville,FL,hat,70,green,2016-01-17,9814,Mann Inc
Ashley,Burton,Milwaukee,WI,hat,80,red,2016-04-30,9815,Lemke Inc
Patrick,Gordon,Spokane,WA,hat,40,blue,2016-07-18,9816,"Walter, Gutmann and Berge"
Robin,Wheeler,Los Angeles,CA,hat,90,green,2015-12-23,9817,Hammes-Okuneva
Lillian,Kim,Richmond,VA,hat,20,red,2014-10-10,9818,Connelly-Schinner
Katherine,Kennedy,Brooklyn,NY,hat,50,blue,2016-01-20,9819,Nolan Group
William,Mason,Lexington,KY,hat,20,green,2015-01-17,9820,Pagac and Sons
Deborah,Hanson,Palm Bay,FL,shirt,90,red,2015-11-20,9821,"Stiedemann, Schaden and Lakin"
Jeremy,Boyd,San Antonio,TX,hat,80,blue,2016-05-07,9822,"Osinski, Thompson and Haag"
Debra,Gonzalez,Milwaukee,WI,shirt,90,green,2015-01-11,9823,
Helen,Thompson,Dayton,OH,hat,40,red,2013-11-26,9824,Lowe Inc
Henry,Kim,Bradenton,FL,shirt,70,blue,2015-11-21,9825,Wintheiser LLC
Gerald,Ortiz,Bakersfield,CA,hat,90,green,2014-08-30,9826,Rohan Inc
Amy,Simpson,Akron,OH,shirt,60,red,2014-03-12,9827,Schulist and Sons
Joyce,Ward,Frankfort,KY,hat,80,blue,2014-01-31,9828,"Wisoky, Reichel and Mante"
Cheryl,Elliott,Kansas City,MO,hat,100,green,2014-12-21,9829,Zemlak and Sons
Bobby,Garrett,Shawnee Mission,KS,hat,100,red,2015-11-14,9830,"Labadie, Legros and Reichert"
Betty,Hall,Oakland,CA,shirt,100,blue,2015-10-17,9831,"Schinner, Emard and Osinski"
Andrew,Moreno,Fort Lauderdale,FL,hat,10,green,2016-03-26,9832,Hackett-Sipes
Judy,Johnson,High Point,NC,hat,80,red,2016-07-05,9833,Bogisich and Sons
John,White,Annapolis,MD,hat,90,blue,2015-09-15,9834,Vandervort Inc
Anna,Brown,Murfreesboro,TN,shirt,80,green,2014-06-27,9835,Haag Inc
Harold,Richards,El Paso,TX,hat,10,red,2014-09-08,9836,Hansen LLC
Shirley,Montgomery,Newton,MA,shirt,60,blue,2014-04-02,9837,
Ryan,Webb,Burbank,CA,hat,10,green,2014-05-23,9838,Hickle and Sons
Mary,Ruiz,San Angelo,TX,shirt,70,red,2013-12-05,9839,Kris Group
Walter,Clark,Atlanta,GA,shirt,50,blue,2016-10-18,9840,Wiza Group
Wanda,Torres,Winston Salem,NC,shirt,10,green,2014-12-29,9841,Jacobi Group
Donald,Harris,Denver,CO,shirt,90,red,2016-08-21,9842,Dibbert-Rowe
Anna,Porter,Denver,CO,hat,60,blue,2016-06-27,9843,"Weber, Herman and Hermann"
Bobby,Lynch,Oakland,CA,shirt,80,green,2014-08-29,9844,"Predovic, Witting and Koepp"
Jason,West,Fort Lauderdale,FL,hat,90,red,2016-02-03,9845,Moore and Sons
Deborah,Rivera,El Paso,TX,hat,50,blue,2015-10-31,9846,Rosenbaum LLC
Carlos,Howell,Detroit,MI,hat,30,green,2015-09-27,9847,Ullrich Inc
Eugene,Ray,Chicago,IL,shirt,80,red,2016-09-01,9848,"Carroll, Weber and Smith"
Philip,Hudson,Sioux City,IA,hat,80,blue,2016-08-20,9849,Marvin-Simonis
Sean,Lane,Greensboro,NC,hat,90,green,2016-05-30,9850,Gerlach-White
Christina,Richardson,Charlotte,NC,hat,40,red,2014-08-09,9851,Cartwright Group
Ronald,Gibson,Sacramento,CA,hat,80,blue,2014-02-17,9852,
Carolyn,Carter,Las Vegas,NV,hat,20,green,2016-02-24,9853,Beatty Inc
Justin,Stanley,Spokane,WA,hat,100,red,2014-03-03,9854,Koepp Group
Jennifer,Garrett,Saint Petersburg,FL,shirt,30,blue,2016-09-15,9855,"Osinski, Greenholt and Spencer"
Kimberly,Chavez,Idaho Falls,ID,hat,70,green,2014-01-27,9856,Will Inc
Walter,Hamilton,Albany,NY,hat,40,red,2015-08-14,9857,Glover-Reynolds
Joan,Barnes,Irving,TX,hat,90,blue,2016-10-19,9858,
Kathy,Collins,Salt Lake City,UT,hat,100,green,2014-08-31,9859,Johnston-Tromp
Keith,Fox,Lansing,MI,shirt,80,red,2014-04-30,9860,"Bailey, Farrell and Kuvalis"
Kathryn,Day,Sacramento,CA,hat,90,blue,2016-03-16,9861,Beahan Inc
Nancy,Murphy,Fort Lauderdale,FL,shirt,90,green,2014-10-10,9862,Tromp-Raynor
Stephen,Snyder,Springfield,MO,shirt,90,red,2015-03-29,9863,"Armstrong, Herman and Wisoky"
Mildred,Ortiz,San Francisco,CA,hat,70,blue,2016-03-29,9864,"Vandervort, Larson and Ferry"
Philip,Arnold,Glendale,CA,hat,40,green,2014-01-03,9865,Renner-Corkery
Edward,Ross,Houston,TX,shirt,90,red,2015-02-01,9866,Gislason LLC
Phyllis,Clark,Norfolk,VA,shirt,100,blue,2016-08-25,9867,
Melissa,Franklin,Boise,ID,shirt,20,green,2015-11-02,9868,Bednar LLC
Todd,Richards,San Jose,CA,hat,100,red,2015-06-20,9869,Schulist-Mills
Jason,Daniels,Boston,MA,shirt,80,blue,2014-06-26,9870,Heathcote LLC
Emily,Marshall,San Antonio,TX,shirt,70,green,2014-11-20,9871,Sanford LLC
Christine,Rivera,Fayetteville,NC,hat,50,red,2016-05-04,9872,"Beatty, Predovic and Oberbrunner"
Beverly,Garza,El Paso,TX,shirt,90,blue,2014-03-29,9873,Abernathy LLC
Julie,Grant,Albany,NY,hat,90,green,2015-12-14,9874,Fadel Group
Raymond,Butler,Midland,TX,hat,100,red,2016-06-06,9875,Hackett-Metz
Carl,Greene,Augusta,GA,shirt,90,blue,2015-12-05,9876,"Stroman, Nikolaus and Feest"
Sandra,Lawrence,Van Nuys,CA,shirt,90,green,2016-04-09,9877,Nikolaus-Mann
Joshua,Perkins,Corpus Christi,TX,hat,90,red,2015-09-02,9878,Frami-Lynch
Angela,Duncan,Miami Beach,FL,hat,70,blue,2015-07-29,9879,Stoltenberg-Lakin
Eric,Turner,Akron,OH,hat,70,green,2015-07-22,9880,Murphy Inc
Charles,Matthews,Vienna,VA,shirt,80,red,2015-10-03,9881,
Phyllis,George,Kansas City,MO,hat,40,blue,2015-07-05,9882,Herman-Borer
Frank,West,Corpus Christi,TX,shirt,30,green,2015-12-20,9883,Lockman-Russel
Paula,Bishop,Naples,FL,shirt,100,red,2014-11-08,9884,"Feeney, White and Corwin"
Kathryn,Banks,Rochester,NY,shirt,30,blue,2014-05-14,9885,"Predovic, Beahan and Bahringer"
Stephanie,Ruiz,Palo Alto,CA,hat,90,green,2015-03-29,9886,"Sanford, Blick and Beer"
Linda,Gonzalez,Chicago,IL,shirt,100,red,2014-09-13,9887,Little-Armstrong
Patrick,Hunt,Spartanburg,SC,shirt,90,blue,2014-09-14,9888,
Christopher,Hunter,Peoria,IL,hat,70,green,2015-06-30,9889,Harvey LLC
Jesse,Jones,Grand Rapids,MI,shirt,80,red,2013-12-20,9890,
Bruce,Stone,Lynn,MA,hat,100,blue,2016-04-09,9891,Baumbach and Sons
Maria,Morgan,Moreno Valley,CA,shirt,100,green,2015-10-08,9892,
Sara,Payne,Springfield,MA,shirt,100,red,2016-01-31,9893,Emmerich-Gleason
Shirley,Graham,Tulsa,OK,hat,90,blue,2014-03-12,9894,
Joyce,Henry,San Jose,CA,hat,80,green,2015-02-28,9895,"Lockman, Conroy and Lind"
Angela,Cunningham,Milwaukee,WI,hat,20,red,2015-05-12,9896,
Beverly,Hudson,Kansas City,KS,hat,100,blue,2016-01-16,9897,Ruecker-Moen
Jacqueline,Payne,Dayton,OH,shirt,80,green,2016-03-02,9898,"Abernathy, Crona and Watsica"
Ryan,Hayes,Houston,TX,hat,20,red,2014-05-30,9899,Spencer-Toy
Gloria,Reynolds,Port Charlotte,FL,hat,40,blue,2013-12-26,9900,Becker-Heller
Irene,Bowman,Lincoln,NE,hat,30,green,2014-08-20,9901,"Gleichner, Mohr and Casper"
Aaron,Jacobs,Albuquerque,NM,shirt,70,red,2016-03-03,9902,
Gerald,Freeman,Macon,GA,shirt,90,blue,2016-01-01,9903,Mayer-Kilback
Clarence,Williamson,Raleigh,NC,hat,100,green,2014-12-03,9904,Lesch-Grady
Barbara,Garza,North Little Rock,AR,shirt,80,red,2016-04-16,9905,Lang Inc
Earl,Ruiz,Hampton,VA,hat,90,blue,2016-04-04,9906,"Mayert, Huel and Greenholt"
Eric,Martinez,Charlotte,NC,shirt,90,green,2014-03-08,9907,Conroy-Bednar
Lori,Burke,Los Angeles,CA,shirt,30,red,2014-10-21,9908,Fisher LLC
Cheryl,Phillips,Portland,OR,shirt,90,blue,2015-04-28,9909,Prosacco LLC
Thomas,Rivera,New York City,NY,hat,100,green,2014-02-21,9910,Morissette-Lang
Howard,Ramirez,Greensboro,NC,hat,70,red,2015-02-16,9911,Johns Group
Frank,Willis,Hampton,VA,hat,70,blue,2016-04-30,9912,Cummerata LLC
Anne,Porter,Fort Lauderdale,FL,shirt,10,green,2015-09-13,9913,"Smith, Mertz and Sawayn"
Louis,Cox,Young America,MN,hat,70,red,2015-07-27,9914,Mitchell-Nolan
Cynthia,Powell,Odessa,TX,shirt,100,blue,2016-11-05,9915,Jaskolski-Wiegand
Jimmy,Willis,Denver,CO,shirt,80,green,2014-12-02,9916,McKenzie LLC
Jimmy,Price,San Francisco,CA,shirt,80,red,2013-11-15,9917,Bartell-Armstrong
Virginia,Howell,Alexandria,VA,hat,30,blue,2015-10-08,9918,"Deckow, Wilkinson and Stoltenberg"
Catherine,King,Philadelphia,PA,hat,30,green,2014-01-20,9919,Auer Group
Margaret,Hughes,Roanoke,VA,shirt,10,red,2014-08-16,9920,Upton-Considine
Matthew,Robinson,San Francisco,CA,hat,90,blue,2014-07-11,9921,Gerhold and Sons
Lois,Gordon,Kalamazoo,MI,hat,10,green,2015-08-02,9922,Senger LLC
Barbara,Hunt,El Paso,TX,shirt,90,red,2015-04-17,9923,
George,Gonzalez,Naperville,IL,shirt,10,blue,2014-12-18,9924,Heidenreich LLC
Cynthia,Alexander,Jersey City,NJ,hat,60,green,2014-03-30,9925,"Berge, Nicolas and Hahn"
Debra,Hughes,Brooksville,FL,shirt,80,red,2016-09-21,9926,
Amy,Hart,Indianapolis,IN,hat,70,blue,2016-07-11,9927,"Stroman, White and Bosco"
Rebecca,Murray,Omaha,NE,shirt,60,green,2014-09-04,9928,Braun-Keebler
Christina,Gibson,West Palm Beach,FL,shirt,30,red,2015-11-06,9929,Bernhard-Lemke
Edward,Campbell,Tucson,AZ,hat,80,blue,2014-01-28,9930,Torphy LLC
Martha,Bell,Richmond,VA,hat,30,green,2016-10-15,9931,"Blanda, Eichmann and Smitham"
Louise,Fisher,Stamford,CT,hat,100,red,2016-10-01,9932,Braun-Rodriguez
John,Sanders,Augusta,GA,shirt,80,blue,2015-11-22,9933,Dickinson-Brakus
Gloria,Wells,New York City,NY,hat,90,green,2016-01-20,9934,Friesen-Ferry
Phillip,Hansen,Dallas,TX,shirt,100,red,2014-01-30,9935,Hahn-Runolfsdottir
Gloria,Olson,Troy,MI,hat,100,blue,2015-04-20,9936,Ratke Group
Keith,Butler,Wichita,KS,hat,70,green,2015-03-31,9937,Hilpert and Sons
Terry,Grant,San Jose,CA,hat,30,red,2015-04-17,9938,"Wiza, Rau and Hauck"
Willie,Elliott,Denver,CO,shirt,30,blue,2015-07-07,9939,
Kelly,Burns,San Francisco,CA,hat,40,green,2014-09-14,9940,Denesik-Balistreri
Cheryl,Kim,Pasadena,CA,shirt,100,red,2015-01-18,9941,Pagac-Harris
Rebecca,Hayes,San Francisco,CA,hat,50,blue,2015-06-06,9942,Breitenberg-Lesch
Denise,Lawson,San Francisco,CA,shirt,80,green,2015-07-25,9943,Mohr and Sons
Catherine,Lewis,Youngstown,OH,shirt,90,red,2015-09-26,9944,Paucek-Muller
Marie,Reynolds,El Paso,TX,shirt,80,blue,2015-01-17,9945,Heidenreich-Stroman
Anna,Porter,Charleston,WV,shirt,90,green,2013-12-16,9946,"Powlowski, Hilll and Kovacek"
Russell,Jackson,Arlington,TX,shirt,90,red,2014-06-18,9947,Wunsch-Reynolds
Rose,Jones,Littleton,CO,hat,90,blue,2013-11-28,9948,Corkery-Johnston
Samuel,Berry,Boston,MA,hat,100,green,2016-01-20,9949,Boehm-Larkin
Juan,Murphy,Evansville,IN,hat,70,red,2014-05-28,9950,Bruen and Sons
Chris,Castillo,Duluth,MN,shirt,100,blue,2014-02-09,9951,
Johnny,Jacobs,Springfield,IL,hat,20,green,2016-04-15,9952,"Klocko, Ernser and Carter"
Walter,Medina,Pittsburgh,PA,hat,80,red,2015-11-15,9953,"OKon, Schneider and Harber"
Marie,Hawkins,Tulsa,OK,shirt,50,blue,2013-12-05,9954,"Hyatt, Rath and Torp"
Joe,Owens,San Francisco,CA,shirt,40,green,2015-09-28,9955,"Rippin, Olson and Weimann"
Helen,Fuller,New York City,NY,shirt,70,red,2014-12-31,9956,Hermiston-Corkery
Ashley,Fisher,Saint Paul,MN,shirt,40,blue,2016-07-18,9957,Keeling and Sons
Kathy,Gilbert,Las Vegas,NV,hat,80,green,2016-11-06,9958,"Predovic, Schultz and Predovic"
Charles,Diaz,Birmingham,AL,hat,60,red,2013-12-16,9959,Corkery-Hoeger
Anthony,Palmer,Gainesville,GA,hat,80,blue,2014-05-15,9960,Kihn-Dach
Judy,Armstrong,Shreveport,LA,shirt,90,green,2016-06-06,9961,Tremblay-Fay
Raymond,Bailey,Virginia Beach,VA,hat,100,red,2016-07-05,9962,Hamill-Parker
Rebecca,Peterson,Jackson,MS,shirt,90,blue,2016-10-10,9963,Lockman-Leffler
Emily,Johnson,Syracuse,NY,hat,90,green,2015-06-18,9964,Rau-Pouros
Frank,Perkins,Rochester,NY,hat,80,red,2015-12-02,9965,Collier-Kuhn
Bonnie,Gibson,Boston,MA,hat,90,blue,2014-10-26,9966,"Torphy, Sporer and Moore"
Evelyn,Austin,Albuquerque,NM,hat,50,green,2015-01-31,9967,Keeling Group
Raymond,Moore,Cleveland,OH,hat,80,red,2015-06-15,9968,
Todd,Fields,San Diego,CA,shirt,80,blue,2016-11-09,9969,Rodriguez-McGlynn
Willie,Kennedy,Alexandria,VA,shirt,30,green,2014-09-27,9970,
Philip,Foster,Dallas,TX,hat,10,red,2014-02-05,9971,Volkman-Block
Doris,Jenkins,San Francisco,CA,shirt,70,blue,2015-05-27,9972,"Shields, Lind and Legros"
Terry,Peters,Manassas,VA,shirt,80,green,2015-01-04,9973,Mann-Turner
Brandon,Hayes,Raleigh,NC,shirt,50,red,2016-01-24,9974,West-Hintz
Lori,Jones,Salt Lake City,UT,hat,70,blue,2014-04-04,9975,"Zboncak, Kuhn and Ebert"
Louise,Howard,Oakland,CA,shirt,90,green,2015-06-07,9976,"Armstrong, Hoeger and Walker"
Michelle,Mason,Seattle,WA,hat,90,red,2014-04-24,9977,Gibson-Grant
Julie,Mason,Reston,VA,hat,70,blue,2014-02-20,9978,"Russel, Weimann and Sawayn"
Catherine,Peters,Port Charlotte,FL,hat,90,green,2014-01-26,9979,
Ryan,Holmes,San Francisco,CA,hat,100,red,2015-02-07,9980,Kuhn-Emard
Sara,Morales,Pensacola,FL,shirt,70,blue,2014-09-28,9981,Brekke-Waelchi
Charles,Grant,Louisville,KY,hat,80,green,2016-05-15,9982,Brakus-Reichert
Matthew,Mendoza,Mobile,AL,shirt,80,red,2014-06-06,9983,Sauer-Pouros
Fred,Walker,Baltimore,MD,shirt,70,blue,2015-08-29,9984,Satterfield Group
Philip,Brown,Van Nuys,CA,hat,90,green,2013-11-17,9985,Kemmer LLC
Irene,Crawford,Huntington Beach,CA,hat,80,red,2014-02-11,9986,"Botsford, Kirlin and Brekke"
Ruth,Murphy,New Hyde Park,NY,hat,20,blue,2014-12-03,9987,"Kunze, Bauch and Ebert"
Laura,Lopez,Huntington,WV,shirt,80,green,2016-08-17,9988,Legros Group
Carl,Olson,Reno,NV,hat,100,red,2014-01-09,9989,"Schmitt, Goodwin and Wilderman"
Amy,Matthews,Fort Wayne,IN,hat,90,blue,2014-12-10,9990,Torphy-Johnston
Teresa,Ford,Seattle,WA,shirt,90,green,2015-06-23,9991,Steuber and Sons
Julia,Hawkins,Grand Rapids,MI,shirt,90,red,2015-11-26,9992,"Skiles, Predovic and Conroy"
Raymond,Romero,Fort Myers,FL,shirt,80,blue,2015-11-14,9993,Von-Walter
Donna,Flores,Cincinnati,OH,hat,70,green,2015-01-24,9994,Green Group
Ernest,Fowler,Concord,CA,hat,50,red,2015-04-17,9995,
Anna,Chapman,Helena,MT,hat,10,blue,2014-02-03,9996,OConner Inc
Patricia,Ryan,Dayton,OH,hat,60,green,2015-12-25,9997,Hoppe Group
Jose,Butler,Norwalk,CT,hat,70,red,2016-01-17,9998,Bahringer Inc
Donna,Daniels,Irving,TX,hat,80,blue,2015-07-05,9999,Schaden-Christiansen
Stephen,Wallace,Boston,MA,hat,60,green,2015-04-08,10000,Bayer-Brekke
Annie,Jackson,Omaha,NE,hat,50,red,2016-06-20,10001,Koch LLC
Phyllis,Hicks,Saint Louis,MO,hat,90,blue,2016-01-28,10002,"Pfeffer, Strosin and Dicki"
Jacqueline,Rivera,Scranton,PA,shirt,100,green,2016-09-09,10003,Gislason-Nikolaus
Carl,Boyd,South Bend,IN,shirt,90,red,2016-01-19,10004,Marks-Rath
Patricia,James,Gulfport,MS,shirt,80,blue,2015-01-31,10005,"Schuppe, Hauck and Lindgren"
Christine,James,Albany,NY,shirt,100,green,2016-05-25,10006,Kreiger-Dickinson
William,Black,Philadelphia,PA,hat,100,red,2014-08-10,10007,Homenick-Purdy
Michael,Hill,Trenton,NJ,hat,100,blue,2014-06-05,10008,"Schaden, Schaefer and Wiza"
Maria,Harrison,Pueblo,CO,shirt,10,green,2016-11-02,10009,Dickinson and Sons
Andrew,Mason,Tulsa,OK,hat,70,red,2014-04-02,10010,"DAmore, Franecki and Hintz"
Dennis,Gordon,Richmond,CA,shirt,70,blue,2015-11-12,10011,Beier-Wintheiser
William,Martinez,Concord,CA,hat,70,green,2014-02-24,10012,Roberts and Sons
Angela,Elliott,Fullerton,CA,shirt,90,red,2014-12-03,10013,Doyle-Murazik
Eugene,Welch,Tuscaloosa,AL,hat,60,blue,2016-08-15,10014,OKeefe and Sons
Linda,Bowman,Tampa,FL,hat,80,green,2016-09-27,10015,"Ortiz, Rippin and Hudson"
Anna,Perkins,Champaign,IL,shirt,100,red,2015-05-26,10016,Waelchi LLC
Doris,Hunter,Boynton Beach,FL,hat,50,blue,2013-11-21,10017,Hilpert LLC
Justin,Olson,Panama City,FL,hat,90,green,2014-08-17,10018,Mann Inc
Joan,Young,Nashville,TN,shirt,70,red,2014-12-05,10019,
Terry,Stanley,Ocala,FL,shirt,100,blue,2015-07-21,10020,"Ferry, Bartoletti and Prohaska"
Alice,Bennett,Palm Bay,FL,hat,50,green,2015-11-07,10021,"Reichel, Miller and Effertz"
Walter,Kelly,Cleveland,OH,hat,100,red,2014-01-03,10022,Stokes-Schultz
Debra,Daniels,Dallas,TX,hat,70,blue,2016-01-12,10023,"Kuhic, VonRueden and Kohler"
Brian,Matthews,Philadelphia,PA,hat,20,green,2016-08-12,10024,Toy and Sons
Gerald,Shaw,El Paso,TX,shirt,60,red,2014-06-19,10025,"Hermann, Nitzsche and Mueller"
Emily,Gutierrez,Fort Myers,FL,shirt,90,blue,2015-09-19,10026,
Phillip,Crawford,Dallas,TX,hat,70,green,2013-12-31,10027,Balistreri and Sons
Sarah,Ryan,Louisville,KY,shirt,50,red,2014-03-25,10028,"Keebler, Huels and Heaney"
Jack,Harvey,Charlotte,NC,hat,90,blue,2014-01-15,10029,"Hayes, Blick and Brekke"
Mary,Gray,Syracuse,NY,hat,80,green,2015-10-15,10030,Orn Inc
Jack,Martinez,Stamford,CT,hat,80,red,2013-11-24,10031,Sipes Group
Deborah,Johnston,Pasadena,CA,hat,20,blue,2015-05-20,10032,
Frank,Gutierrez,San Jose,CA,shirt,30,green,2016-10-02,10033,Stehr LLC
Margaret,Arnold,Denver,CO,shirt,60,red,2015-07-07,10034,"Gulgowski, Marks and Johnson"
Michael,Kelly,Savannah,GA,hat,80,blue,2015-04-29,10035,Blanda-Wilkinson
Brandon,Hicks,Dallas,TX,hat,90,green,2016-05-04,10036,Rice Inc
Judy,Black,Hollywood,FL,hat,90,red,2014-05-21,10037,Mertz-Auer
Edward,Hart,Birmingham,AL,hat,10,blue,2014-09-08,10038,Predovic-Osinski
Justin,Snyder,San Francisco,CA,shirt,80,green,2016-02-23,10039,Littel-Wilderman
Virginia,Harvey,Paterson,NJ,hat,90,red,2015-01-08,10040,"Schuppe, Lang and Harvey"
Paula,Williamson,Houston,TX,shirt,90,blue,2014-12-05,10041,"Wyman, Tremblay and Mertz"
Harry,Welch,Rochester,MN,hat,90,green,2014-03-03,10042,Wehner Group
Norma,Robertson,Stockton,CA,shirt,100,red,2015-05-01,10043,"Mante, Powlowski and Ryan"
Steven,Fox,Buffalo,NY,hat,60,blue,2015-10-12,10044,"Turcotte, Hegmann and Auer"
Jeffrey,Martinez,Tampa,FL,shirt,70,green,2015-11-19,10045,Kilback Inc
Alan,Wagner,Spartanburg,SC,shirt,50,red,2014-11-18,10046,"Fritsch, Powlowski and Smith"
Randy,Ellis,Kansas City,MO,shirt,70,blue,2015-08-02,10047,
Charles,Torres,Huntsville,AL,hat,100,green,2014-04-03,10048,"Gaylord, Corwin and Gottlieb"
Ralph,Fisher,Brooklyn,NY,shirt,50,red,2016-07-27,10049,"Wilderman, Ullrich and Collier"
Anne,Franklin,Roanoke,VA,shirt,10,blue,2016-06-26,10050,Nienow and Sons
Joe,Ellis,Memphis,TN,hat,70,green,2015-06-25,10051,"Feeney, Koepp and McKenzie"
Jeremy,Martin,New York City,NY,hat,100,red,2015-02-13,10052,
Sandra,Ferguson,Boca Raton,FL,hat,20,blue,2016-01-08,10053,
Charles,Hansen,Corpus Christi,TX,hat,60,green,2014-10-13,10054,Haley-Luettgen
Benjamin,Thompson,Elmira,NY,shirt,100,red,2016-07-27,10055,"Kuphal, Pouros and Weimann"
Lisa,Riley,Rochester,NY,hat,30,blue,2015-05-31,10056,Breitenberg-Russel
Susan,Pierce,Pensacola,FL,hat,90,green,2016-01-12,10057,
Victor,Owens,Chicago,IL,shirt,80,red,2016-05-03,10058,Lemke-Christiansen
Carlos,Graham,New Orleans,LA,hat,70,blue,2016-03-20,10059,Reynolds LLC
Shawn,Spencer,Dayton,OH,shirt,100,green,2013-12-30,10060,
Steven,Foster,Pensacola,FL,hat,30,red,2015-01-06,10061,"Rodriguez, Gorczany and Hickle"
Daniel,Woods,Glendale,CA,shirt,70,blue,2016-06-27,10062,Weber Inc
Stephanie,Flores,Lincoln,NE,hat,50,green,2016-01-04,10063,Harris and Sons
Fred,Williamson,Louisville,KY,hat,100,red,2016-10-09,10064,Friesen-Heathcote
Heather,Foster,Youngstown,OH,hat,70,blue,2016-05-31,10065,Greenholt-Gulgowski
Arthur,Carroll,Birmingham,AL,hat,60,green,2013-11-22,10066,OConner and Sons
Steve,Cook,Las Vegas,NV,hat,80,red,2016-01-14,10067,Graham-Bednar
Jane,Simmons,Richmond,VA,shirt,100,blue,2015-06-23,10068,"Barrows, Jenkins and Roberts"
Martin,Richardson,Minneapolis,MN,hat,90,green,2014-12-12,10069,"Ortiz, Lubowitz and Brekke"
Bruce,Ross,Stockton,CA,hat,50,red,2014-12-06,10070,"Schaden, Grant and Hoeger"
Theresa,Fox,Sacramento,CA,hat,80,blue,2015-05-12,10071,Zieme Group
Keith,Perez,Long Beach,CA,hat,30,green,2016-01-29,10072,"Crooks, Roberts and Beahan"
Michael,Wagner,Santa Barbara,CA,shirt,80,red,2014-06-03,10073,Wilkinson-OKeefe
Kathy,Ellis,Simi Valley,CA,hat,80,blue,2014-03-28,10074,Treutel Inc
Cynthia,Carroll,Monticello,MN,hat,30,green,2015-06-24,10075,Stracke and Sons
Bruce,Wallace,Raleigh,NC,hat,50,red,2016-03-01,10076,"Towne, Mueller and Gusikowski"
Diana,Torres,Denver,CO,hat,90,blue,2014-07-29,10077,"Rowe, Fay and Bosco"
Craig,Payne,Phoenix,AZ,hat,80,green,2016-07-19,10078,MacGyver LLC
Melissa,Olson,Littleton,CO,hat,90,red,2014-11-04,10079,"Fahey, Goodwin and Borer"
Michelle,Marshall,Little Rock,AR,hat,90,blue,2014-11-14,10080,Dach Group
Charles,Green,Los Angeles,CA,hat,90,green,2014-12-27,10081,Lehner-Lubowitz
Shawn,Ryan,Tucson,AZ,hat,90,red,2015-03-10,10082,Larson LLC
Rose,Garcia,West Hartford,CT,shirt,10,blue,2016-09-18,10083,Hansen Inc
Wayne,Mcdonald,Indianapolis,IN,hat,70,green,2016-02-04,10084,Carter LLC
Evelyn,Peters,Lima,OH,shirt,80,red,2016-06-20,10085,Kshlerin Group
Walter,Andrews,New Brunswick,NJ,shirt,90,blue,2015-10-13,10086,Kautzer Group
Joyce,Morgan,Denver,CO,hat,90,green,2015-05-16,10087,"Little, Kunze and Emard"
Jack,Butler,Maple Plain,MN,hat,80,red,2016-03-14,10088,"Keeling, Kozey and Casper"
Lois,Hart,Kansas City,KS,shirt,90,blue,2015-07-30,10089,Bartell-DAmore
Earl,Watkins,Hagerstown,MD,shirt,70,green,2015-07-02,10090,Renner-Kub
Ernest,Peters,Shawnee Mission,KS,hat,40,red,2016-05-28,10091,"Beer, Wolf and Cruickshank"
Jacqueline,Patterson,Cleveland,OH,shirt,90,blue,2014-04-11,10092,"Turcotte, Blanda and Wyman"
Benjamin,Hernandez,Garden Grove,CA,hat,80,green,2014-10-29,10093,Wintheiser and Sons
Eugene,Hansen,Springfield,MO,shirt,50,red,2016-01-25,10094,Gutmann-Berge
Katherine,Perkins,Atlanta,GA,hat,100,blue,2015-09-12,10095,Feil-Deckow
Sara,Lawson,Trenton,NJ,shirt,90,green,2016-07-30,10096,Crona LLC
Raymond,Stephens,Modesto,CA,shirt,70,red,2015-08-13,10097,Dare-Muller
Wanda,Perez,Las Vegas,NV,shirt,100,blue,2014-10-05,10098,"Kerluke, Shields and Klocko"
Joyce,Bennett,Hicksville,NY,shirt,80,green,2014-07-08,10099,"Keebler, Schaden and Bogan"
Earl,Russell,Naples,FL,hat,20,red,2015-07-07,10100,Haag Inc
Shirley,Walker,Bethesda,MD,hat,80,blue,2016-05-18,10101,"Hudson, Halvorson and Brakus"
Andrew,Lane,Odessa,TX,hat,100,green,2014-04-22,10102,Lindgren-Schowalter
Ruby,Mendoza,Beaumont,TX,hat,100,red,2015-07-31,10103,Ernser-Bauch
Linda,Rivera,San Diego,CA,hat,50,blue,2015-05-18,10104,Lehner-Jenkins
Douglas,Mills,Oklahoma City,OK,shirt,30,green,2015-11-08,10105,
Anthony,Morris,Cincinnati,OH,hat,90,red,2016-02-21,10106,Bernier Group
Irene,Gibson,Sacramento,CA,shirt,80,blue,2014-02-28,10107,"Glover, Batz and Williamson"
Michelle,Roberts,Long Beach,CA,hat,60,green,2015-05-29,10108,"Vandervort, Paucek and Sipes"
Kelly,Lewis,Atlanta,GA,hat,10,red,2016-04-02,10109,"Greenfelder, Denesik and Rolfson"
Ralph,Medina,Montgomery,AL,shirt,30,blue,2015-12-18,10110,Price and Sons
Kathy,West,Corpus Christi,TX,hat,80,green,2016-10-20,10111,Dietrich-Tillman
Eric,Morgan,Charlotte,NC,hat,90,red,2015-12-25,10112,Lebsack-Kihn
Gerald,Wagner,Columbia,MO,shirt,20,blue,2016-03-07,10113,
Alice,Brown,El Paso,TX,hat,60,green,2015-03-15,10114,"Beatty, Feeney and Howe"
Dennis,Lopez,Alexandria,VA,shirt,10,red,2016-10-23,10115,"Hyatt, Streich and Ortiz"
Kenneth,Campbell,Louisville,KY,shirt,70,blue,2015-09-11,10116,"Gutmann, Barrows and Price"
Philip,Crawford,South Bend,IN,shirt,40,green,2015-11-19,10117,Goldner-Stokes
Anna,Foster,Huntsville,AL,hat,20,red,2014-01-16,10118,Schaefer-Cummings
Jacqueline,Montgomery,Saint Paul,MN,shirt,50,blue,2016-09-09,10119,Steuber-Gottlieb
Sara,Wallace,High Point,NC,hat,50,green,2014-10-20,10120,Mayer-Auer
Jennifer,Reynolds,Houston,TX,hat,20,red,2014-11-15,10121,"Reilly, Ledner and Labadie"
Maria,Martin,Silver Spring,MD,shirt,80,blue,2014-12-03,10122,Schowalter LLC
Ruth,Taylor,Tulsa,OK,hat,90,green,2015-09-27,10123,Schmidt and Sons
Frank,Grant,New Orleans,LA,shirt,20,red,2015-03-02,10124,"Fay, Schinner and Herman"
Brandon,Green,Shawnee Mission,KS,hat,90,blue,2014-07-26,10125,Hintz-Tillman
Teresa,Stephens,Houston,TX,shirt,100,green,2015-10-07,10126,Pacocha-Donnelly
Helen,Reyes,Norfolk,VA,hat,90,red,2016-02-21,10127,Terry Inc
Douglas,Stanley,College Station,TX,hat,90,blue,2015-11-17,10128,"Paucek, Bernier and Leuschke"
Shawn,Hayes,Corpus Christi,TX,shirt,60,green,2014-01-07,10129,Dach-Koepp
Kathleen,Watson,Baton Rouge,LA,shirt,40,red,2013-12-25,10130,Wilderman-Ebert
Ann,Holmes,Birmingham,AL,hat,100,blue,2016-03-24,10131,"Satterfield, Keebler and Kihn"
Teresa,Sullivan,Jacksonville,FL,shirt,80,green,2014-01-28,10132,Pollich-Gutmann
Kenneth,Fisher,Columbia,SC,hat,80,red,2014-07-11,10133,West-Dibbert
Shirley,Chavez,Missoula,MT,hat,100,blue,2015-11-04,10134,"Dicki, Spencer and Hamill"
Keith,Knight,Orlando,FL,hat,100,green,2014-03-11,10135,Jerde-Ondricka
Ruby,Kelley,Raleigh,NC,hat,30,red,2016-04-03,10136,Langworth-Ledner
Jane,Powell,Terre Haute,IN,hat,90,blue,2016-01-17,10137,Brekke Group
Carolyn,Ruiz,Omaha,NE,hat,50,green,2016-03-03,10138,Cormier and Sons
Benjamin,Duncan,Hollywood,FL,hat,50,red,2014-04-19,10139,Bailey and Sons
Harold,Gonzales,Phoenix,AZ,shirt,90,blue,2014-08-29,10140,"Cassin, Flatley and Wintheiser"
Ruth,Alvarez,Concord,CA,shirt,20,green,2014-06-09,10141,Schiller LLC
Debra,Bennett,Raleigh,NC,shirt,80,red,2014-01-01,10142,Hudson and Sons
Cheryl,Burns,Phoenix,AZ,hat,80,blue,2016-10-18,10143,Kessler-Lakin
Deborah,Murray,Decatur,GA,shirt,60,green,2015-04-20,10144,"Mante, Hessel and Ziemann"
Arthur,Dunn,Indianapolis,IN,hat,70,red,2015-07-18,10145,"Ledner, Kuvalis and Bogan"
Jose,Hunt,Phoenix,AZ,hat,90,blue,2014-06-29,10146,Zemlak-Halvorson
Ashley,Ramirez,Buffalo,NY,hat,100,green,2015-08-19,10147,Russel LLC
Brenda,Green,Birmingham,AL,shirt,100,red,2016-04-20,10148,Hilll Inc
Janet,Carroll,Honolulu,HI,shirt,60,blue,2014-01-17,10149,Rosenbaum-Gottlieb
Susan,Greene,Alexandria,VA,hat,80,green,2014-06-08,10150,"West, Volkman and Kerluke"
Sean,Webb,Los Angeles,CA,hat,70,red,2013-11-17,10151,Stark LLC
Wayne,Ryan,Pinellas Park,FL,shirt,100,blue,2014-01-29,10152,Schumm Group
Lillian,Cunningham,Baton Rouge,LA,hat,70,green,2016-07-20,10153,Considine Group
Jason,Knight,Phoenix,AZ,shirt,10,red,2014-04-27,10154,"McGlynn, Hudson and Rodriguez"
Bobby,Stewart,Dayton,OH,hat,70,blue,2016-04-28,10155,
Matthew,Franklin,Hartford,CT,hat,30,green,2016-10-11,10156,Kovacek-Schumm
Andrea,Carpenter,Silver Spring,MD,shirt,80,red,2014-10-25,10157,
Russell,Peterson,Lexington,KY,shirt,100,blue,2014-03-21,10158,Ebert-Crooks
Keith,Peters,Springfield,IL,hat,100,green,2014-06-12,10159,DuBuque Inc
Roger,Hill,Toledo,OH,shirt,80,red,2013-11-18,10160,"Kozey, Heidenreich and Schmidt"
Joyce,Edwards,Austin,TX,shirt,90,blue,2014-04-11,10161,Kilback-Hintz
Melissa,Hunt,Portland,OR,shirt,90,green,2014-11-06,10162,Swift Inc
Brian,Frazier,Huntington,WV,hat,80,red,2014-04-20,10163,"Heller, Balistreri and Mraz"
Jimmy,Harrison,Atlanta,GA,shirt,80,blue,2015-01-16,10164,Gislason-Mueller
Eugene,Perry,Saint Louis,MO,hat,90,green,2016-09-12,10165,Willms Group
Sarah,Johnston,Miami,FL,hat,90,red,2014-08-26,10166,Dickinson Group
Joshua,Green,Orlando,FL,shirt,90,blue,2013-12-13,10167,"Jacobson, Herman and Zboncak"
Patrick,Barnes,Redwood City,CA,shirt,40,green,2015-08-01,10168,Russel-Bartoletti
Aaron,Alexander,Philadelphia,PA,shirt,20,red,2015-06-25,10169,"Ferry, Keeling and Langworth"
Emily,Carroll,Bethesda,MD,hat,80,blue,2015-07-25,10170,Oberbrunner-Dicki
Thomas,Williamson,Cincinnati,OH,hat,90,green,2014-12-25,10171,Hessel and Sons
Julia,Williams,Salt Lake City,UT,hat,80,red,2016-10-04,10172,"Crist, Wyman and Johnston"
Norma,Willis,Gainesville,FL,hat,90,blue,2014-07-11,10173,Thompson-Rosenbaum
Daniel,Hunt,Pueblo,CO,hat,90,green,2016-09-21,10174,OConner-Schinner
Adam,Richardson,Ocala,FL,hat,100,red,2016-07-29,10175,Prosacco LLC
Russell,Crawford,Richmond,VA,hat,80,blue,2016-11-03,10176,Pacocha-Kilback
Denise,Fuller,Denver,CO,shirt,80,green,2015-02-16,10177,Ward-Effertz
Stephanie,Carpenter,Buffalo,NY,hat,80,red,2016-07-25,10178,Gulgowski-Bartoletti
Nicholas,Peters,West Palm Beach,FL,hat,100,blue,2014-12-21,10179,Pagac-Cartwright
Nancy,Henderson,Minneapolis,MN,hat,70,green,2014-08-03,10180,
Linda,Hanson,Indianapolis,IN,shirt,80,red,2014-01-20,10181,Turner-Bruen
Wanda,Hernandez,Scranton,PA,shirt,90,blue,2016-04-21,10182,"Altenwerth, Zboncak and Marks"
Annie,Collins,San Antonio,TX,hat,70,green,2015-12-08,10183,"Daniel, Wilkinson and Schmitt"
Brandon,Perkins,Kansas City,MO,shirt,70,red,2015-06-02,10184,Miller-Kirlin
Justin,Dean,Tacoma,WA,hat,10,blue,2015-04-20,10185,Huel-Lebsack
Kimberly,Payne,Springfield,MO,hat,70,green,2014-04-05,10186,Kris LLC
Edward,Hicks,Bakersfield,CA,hat,10,red,2014-02-04,10187,"Parker, Block and Hyatt"
Jeremy,Cunningham,Portland,OR,shirt,80,blue,2015-05-20,10188,Sawayn and Sons
Jennifer,Warren,Alexandria,VA,hat,100,green,2016-08-04,10189,Bauch Inc
Anna,Arnold,Memphis,TN,shirt,50,red,2015-06-30,10190,
Jennifer,Lopez,Charlotte,NC,hat,40,blue,2015-10-10,10191,Kilback-Frami
Ernest,Woods,Dallas,TX,hat,80,green,2014-07-15,10192,"Mann, Crist and Ziemann"
Steve,Jenkins,Boston,MA,hat,100,red,2016-05-06,10193,Medhurst and Sons
James,Little,Fresno,CA,shirt,30,blue,2014-06-18,10194,Simonis Inc
Kenneth,Gomez,Van Nuys,CA,shirt,90,green,2016-06-20,10195,
Helen,Stanley,Van Nuys,CA,shirt,100,red,2016-07-01,10196,"Swaniawski, Weber and Rolfson"
Ann,Gonzales,Iowa City,IA,shirt,100,blue,2016-02-07,10197,Renner LLC
Denise,Lawson,San Antonio,TX,shirt,70,green,2013-12-31,10198,Veum LLC
Rebecca,Cunningham,Wichita Falls,TX,hat,100,red,2014-06-25,10199,"Zieme, Botsford and Kemmer"
Evelyn,Oliver,Lima,OH,shirt,50,blue,2016-06-03,10200,Grady-Harber
Johnny,Wells,Detroit,MI,shirt,100,green,2014-11-22,10201,"Eichmann, Effertz and Ledner"
Harold,Collins,Boston,MA,hat,30,red,2015-06-30,10202,Dare-Huel
Michelle,Baker,Boca Raton,FL,hat,100,blue,2015-01-22,10203,Von-Bashirian
Adam,Knight,Augusta,GA,hat,60,green,2015-03-23,10204,Collier LLC
Carl,Pierce,Chesapeake,VA,hat,40,red,2016-03-03,10205,Hoeger Inc
Chris,Jacobs,Oklahoma City,OK,hat,80,blue,2015-04-21,10206,Jones-Zboncak
Thomas,Hanson,Richmond,VA,hat,80,green,2015-01-27,10207,Rempel-Rutherford
Edward,Sanchez,San Francisco,CA,hat,100,red,2014-01-30,10208,Koch-Hudson
Jose,Carroll,Daytona Beach,FL,hat,80,blue,2014-05-17,10209,"Bergnaum, Bauch and Hickle"
Stephen,Hughes,West Palm Beach,FL,shirt,80,green,2016-04-10,10210,Leffler and Sons
Rebecca,Hicks,Fort Worth,TX,shirt,100,red,2014-01-27,10211,Bins Group
Adam,Ford,Saint Louis,MO,hat,70,blue,2015-11-07,10212,Bogan Group
Louis,Stone,Indianapolis,IN,shirt,100,green,2015-12-18,10213,Wuckert-Wilderman
Sharon,Oliver,Oklahoma City,OK,shirt,80,red,2015-03-31,10214,
Gerald,West,Decatur,GA,shirt,100,blue,2016-08-03,10215,
David,Wheeler,Humble,TX,hat,10,green,2014-04-01,10216,"Gerlach, Tillman and Mosciski"
Ann,Moore,Nashville,TN,shirt,90,red,2014-10-09,10217,"Kuhlman, Leannon and Harber"
Jimmy,Carr,Tampa,FL,shirt,40,blue,2015-02-24,10218,"Hudson, Bogan and Gaylord"
Ruby,Richards,Buffalo,NY,hat,100,green,2014-12-09,10219,
Barbara,Bryant,San Diego,CA,hat,90,red,2014-10-01,10220,Jerde Inc
Dennis,Hicks,Springfield,VA,hat,70,blue,2014-09-29,10221,"Dach, Schuster and Rodriguez"
Tammy,Wagner,Fresno,CA,hat,90,green,2015-10-20,10222,
Julia,Carroll,El Paso,TX,hat,80,red,2014-06-07,10223,Prohaska Group
Rebecca,Reed,Brooklyn,NY,shirt,100,blue,2016-08-28,10224,Johnston-Murray
Mark,Holmes,Lancaster,PA,shirt,50,green,2016-09-22,10225,Franecki Inc
Earl,Simmons,Spokane,WA,hat,100,red,2015-03-27,10226,Simonis Inc
Tina,Fox,Fayetteville,NC,hat,100,blue,2014-11-22,10227,Crist-Cartwright
Maria,Mitchell,Dayton,OH,shirt,80,green,2015-01-03,10228,Fadel-Wiegand
Betty,Welch,Aurora,CO,shirt,70,red,2014-04-20,10229,Zemlak-McDermott
Steve,West,San Francisco,CA,shirt,70,blue,2015-11-23,10230,"Rice, Crist and Kulas"
Ruth,Jones,Houston,TX,hat,90,green,2016-02-14,10231,
Mary,Myers,Boise,ID,hat,70,red,2014-09-06,10232,"Towne, Spencer and Mante"
Christina,Lynch,Cincinnati,OH,shirt,100,blue,2015-05-07,10233,Crona-MacGyver
Ashley,Riley,Baltimore,MD,shirt,30,green,2015-12-08,10234,"Macejkovic, Marks and Stamm"
Carolyn,Griffin,Evansville,IN,hat,70,red,2014-01-20,10235,"Olson, Dicki and Rogahn"
Clarence,Olson,Denver,CO,hat,90,blue,2014-05-21,10236,"Monahan, Walker and Bechtelar"
Ruby,Daniels,Minneapolis,MN,shirt,90,green,2014-07-13,10237,Wyman-Toy
Janice,Bailey,Trenton,NJ,shirt,10,red,2016-08-21,10238,Auer-Donnelly
Nancy,Rivera,Atlanta,GA,shirt,80,blue,2016-05-26,10239,Hills-Maggio
Alan,Butler,Philadelphia,PA,shirt,80,green,2014-02-10,10240,Kulas LLC
Barbara,Howard,Sacramento,CA,shirt,90,red,2014-06-14,10241,Collier and Sons
Christine,Reyes,Louisville,KY,shirt,90,blue,2015-04-11,10242,"Johns, Johns and Schimmel"
Debra,Garrett,Panama City,FL,shirt,50,green,2016-04-22,10243,Rosenbaum LLC
Ruby,Burton,San Francisco,CA,hat,30,red,2014-10-07,10244,"Kris, Hackett and Murray"
Gerald,Harrison,Biloxi,MS,hat,20,blue,2014-02-15,10245,"Kling, Crist and Eichmann"
Michelle,Carr,Fort Pierce,FL,hat,20,green,2016-02-17,10246,Ankunding-Cormier
Shirley,Payne,Young America,MN,shirt,70,red,2013-12-31,10247,Bins and Sons
Ashley,Rice,Irvine,CA,hat,50,blue,2015-03-14,10248,"Heidenreich, Renner and Schulist"
Christine,Marshall,Spokane,WA,hat,40,green,2015-01-02,10249,Runolfsson LLC
Donna,Armstrong,Portland,OR,hat,10,red,2014-09-06,10250,Torp-Leuschke
Juan,Walker,El Paso,TX,hat,70,blue,2015-04-02,10251,Kertzmann-Bayer
Wanda,Alexander,Portland,OR,hat,90,green,2015-03-03,10252,Gorczany-Bogisich
Sharon,Roberts,San Antonio,TX,hat,90,red,2015-12-04,10253,Dicki-Kub
Bruce,Mills,Alexandria,VA,shirt,90,blue,2014-10-03,10254,Ankunding and Sons
Eugene,Flores,Boca Raton,FL,hat,40,green,2014-02-20,10255,"Wintheiser, Abernathy and Ankunding"
Randy,Washington,Olympia,WA,shirt,80,red,2014-07-11,10256,Pfeffer-Cole
Irene,Morgan,San Francisco,CA,hat,100,blue,2014-09-08,10257,"Hermann, Keeling and Ernser"
Louise,Stewart,Evansville,IN,shirt,30,green,2014-05-20,10258,Toy and Sons
Earl,Jenkins,Omaha,NE,shirt,50,red,2016-04-08,10259,Maggio-Reynolds
Jacqueline,Fisher,Saint Louis,MO,hat,10,blue,2015-09-23,10260,"Reinger, OHara and Kihn"
Judy,Andrews,Winston Salem,NC,shirt,90,green,2016-05-14,10261,"Padberg, MacGyver and Kohler"
Jennifer,Thomas,Jacksonville,FL,shirt,70,red,2016-03-23,10262,Hettinger Inc
George,Nguyen,Saint Louis,MO,hat,10,blue,2014-09-08,10263,Hane-Schoen
Judith,Barnes,Bronx,NY,hat,70,green,2013-11-28,10264,"King, Kuhlman and Klein"
Ronald,Nelson,Kansas City,MO,shirt,100,red,2014-12-09,10265,"Mante, Lakin and Beatty"
Randy,Day,Phoenix,AZ,hat,10,blue,2015-08-23,10266,Schowalter and Sons
Earl,Evans,Memphis,TN,hat,90,green,2015-08-29,10267,"Kerluke, Anderson and Reynolds"
Michelle,Hawkins,Phoenix,AZ,hat,90,red,2016-01-03,10268,"Emard, Gulgowski and Wolf"
Benjamin,Sims,Durham,NC,shirt,40,blue,2015-09-11,10269,Harvey LLC
Craig,Ortiz,Grand Forks,ND,shirt,90,green,2013-11-27,10270,Dietrich LLC
Nicole,Moreno,New York City,NY,hat,70,red,2015-12-12,10271,Ernser-Lynch
Kenneth,Gilbert,Anderson,IN,hat,20,blue,2015-07-05,10272,Boyle-Marks
Janice,Bryant,Hartford,CT,shirt,100,green,2013-12-11,10273,
Sean,Reed,Santa Rosa,CA,shirt,80,red,2016-03-30,10274,Huel-Littel
Jeremy,Tucker,Las Vegas,NV,hat,80,blue,2016-02-28,10275,Lynch-Reichert
Keith,Pierce,Fresno,CA,hat,90,green,2015-06-25,10276,
Roger,Tucker,New York City,NY,hat,80,red,2014-07-06,10277,"Thompson, Lubowitz and Leuschke"
Sean,Gibson,Philadelphia,PA,shirt,40,blue,2016-09-17,10278,"Borer, Cummings and Wunsch"
Shirley,Ramirez,Saint Louis,MO,hat,50,green,2015-09-03,10279,Kunze-Gutmann
Janet,Reynolds,New York City,NY,hat,90,red,2015-01-14,10280,"Stamm, Volkman and Wilderman"
Joyce,Wells,Rockford,IL,shirt,100,blue,2016-07-31,10281,"Kilback, Parker and Reichel"
Ralph,Morales,Toledo,OH,shirt,100,green,2016-09-27,10282,"Schimmel, Donnelly and Halvorson"
Julia,Lee,Knoxville,TN,hat,50,red,2014-12-03,10283,Cartwright Inc
Shawn,Jordan,Houston,TX,shirt,100,blue,2015-06-23,10284,
Richard,Patterson,Charlottesville,VA,hat,40,green,2015-07-02,10285,"Thiel, Kirlin and Morissette"
Eugene,Martinez,Dayton,OH,hat,90,red,2014-08-03,10286,Jast-Lesch
Phillip,James,Tallahassee,FL,shirt,90,blue,2015-07-28,10287,Kiehn-Muller
Anne,Romero,Reading,PA,hat,50,green,2013-11-19,10288,Kuhic-Ratke
Pamela,Payne,South Bend,IN,hat,80,red,2016-01-07,10289,"Swift, Lang and Stoltenberg"
Russell,Green,Atlanta,GA,hat,60,blue,2015-09-21,10290,"Jenkins, Senger and Gulgowski"
Patricia,Cooper,Orlando,FL,shirt,90,green,2014-01-14,10291,"Dickens, Anderson and Boyle"
Randy,Brown,Young America,MN,shirt,20,red,2016-07-25,10292,
Tammy,Nichols,Miami,FL,shirt,80,blue,2014-11-27,10293,Hackett Group
Frank,Nguyen,Seattle,WA,shirt,10,green,2016-10-28,10294,"Langosh, Graham and Prohaska"
Jennifer,Cooper,Akron,OH,shirt,100,red,2014-06-14,10295,"Lebsack, Nitzsche and Schmeler"
Todd,Lopez,Brooklyn,NY,shirt,60,blue,2016-05-10,10296,
Julie,Bell,Punta Gorda,FL,shirt,20,green,2014-04-21,10297,
Timothy,Powell,Stockton,CA,shirt,10,red,2013-12-18,10298,Morissette-Auer
Randy,Johnston,New York City,NY,shirt,30,blue,2016-01-16,10299,Parisian-Windler
Joe,Gray,Salt Lake City,UT,shirt,60,green,2016-07-24,10300,Fadel-McCullough
Norma,Cunningham,Brockton,MA,shirt,80,red,2015-06-16,10301,Gutkowski Inc
Teresa,Day,Colorado Springs,CO,shirt,90,blue,2016-03-15,10302,"OConnell, Larson and Schiller"
Ashley,Reid,San Diego,CA,shirt,90,green,2016-01-29,10303,Runolfsson-Emard
Arthur,Lawson,Salt Lake City,UT,shirt,60,red,2016-04-22,10304,Little-Botsford
Brian,Stevens,Shreveport,LA,shirt,80,blue,2014-02-23,10305,Konopelski-Kirlin
Louise,Garcia,Saint Paul,MN,hat,90,green,2014-04-30,10306,Wolf-Ullrich
Bobby,Frazier,Fort Worth,TX,shirt,40,red,2014-05-11,10307,Bernier-Rippin
Martin,Simpson,Houston,TX,shirt,100,blue,2014-07-11,10308,
Gary,Parker,Albany,NY,hat,90,green,2016-07-02,10309,Russel-Collier
Brandon,Lopez,Columbus,OH,hat,30,red,2015-08-08,10310,"Klocko, Bahringer and Funk"
Louis,Watson,Norman,OK,shirt,30,blue,2014-08-07,10311,"Altenwerth, Romaguera and Crooks"
Mark,Franklin,New York City,NY,shirt,80,green,2015-01-02,10312,"Kulas, Schamberger and Crona"
Daniel,George,Scranton,PA,hat,90,red,2014-06-04,10313,"Runte, Little and Koch"
Patrick,Watkins,San Francisco,CA,hat,90,blue,2014-04-27,10314,Gutmann LLC
Billy,Banks,San Francisco,CA,shirt,90,green,2016-08-27,10315,Bauch-Kuhn
Emily,Berry,Tacoma,WA,hat,80,red,2013-12-04,10316,Howell Inc
Heather,Little,Saint Petersburg,FL,shirt,80,blue,2015-12-28,10317,
Nancy,Shaw,Pittsburgh,PA,hat,80,green,2015-02-08,10318,Roberts-Carter
Jesse,Garcia,Dallas,TX,hat,50,red,2016-02-23,10319,Cartwright Group
Gloria,Crawford,Warren,MI,shirt,60,blue,2014-08-29,10320,"Schmitt, OKon and Okuneva"
Eric,Gardner,Bloomington,IN,hat,100,green,2015-11-06,10321,Hartmann LLC
Margaret,Weaver,Oklahoma City,OK,hat,70,red,2016-09-02,10322,"Hermann, Farrell and Trantow"
Aaron,Davis,New York City,NY,hat,90,blue,2014-06-22,10323,"Frami, Dibbert and Kuphal"
William,Carroll,Denver,CO,hat,10,green,2016-03-30,10324,Fahey-Rodriguez
Justin,Washington,San Antonio,TX,hat,10,red,2015-09-16,10325,Rosenbaum-Glover
Ann,Adams,Mesa,AZ,shirt,20,blue,2014-11-18,10326,Kirlin Inc
Brandon,Greene,Naples,FL,hat,10,green,2015-11-15,10327,Erdman-Nolan
Deborah,Meyer,Saint Louis,MO,hat,10,red,2016-10-30,10328,Herman-Kuhic
Marie,Riley,New Castle,PA,hat,30,blue,2014-12-15,10329,Harris-Stoltenberg
Howard,Morris,New Orleans,LA,hat,90,green,2015-09-28,10330,
Bruce,King,Wichita,KS,hat,10,red,2016-01-19,10331,"Yundt, McCullough and Gleichner"
Marilyn,Williams,Lancaster,PA,hat,100,blue,2016-08-01,10332,"Leannon, Armstrong and Gerlach"
Stephen,Grant,Jamaica,NY,hat,50,green,2015-05-28,10333,Becker-Franecki
Brian,Berry,Mobile,AL,shirt,80,red,2014-12-28,10334,"Senger, Bashirian and OHara"
Michael,Scott,Ashburn,VA,hat,90,blue,2014-02-09,10335,Reichel-Anderson
Rebecca,Jones,Norfolk,VA,hat,90,green,2015-01-14,10336,"Rolfson, Wolff and Pouros"
Jane,Lopez,North Little Rock,AR,hat,20,red,2014-06-28,10337,Deckow-Lehner
Nicole,Chavez,Portland,OR,shirt,90,blue,2014-07-23,10338,Keeling Group
Jessica,Price,Bronx,NY,hat,90,green,2015-10-11,10339,Gleichner and Sons
Paul,Williams,Charleston,WV,hat,100,red,2014-05-20,10340,
Ruth,Jackson,Oklahoma City,OK,hat,80,blue,2016-02-29,10341,"Koch, Prohaska and Kunze"
Jesse,Morris,Jefferson City,MO,shirt,80,green,2014-02-11,10342,Cruickshank-Cummerata
Katherine,Holmes,El Paso,TX,hat,90,red,2015-08-24,10343,"Kessler, Walter and Haag"
Catherine,Garrett,Memphis,TN,hat,60,blue,2016-01-30,10344,
Carlos,Owens,Fort Wayne,IN,shirt,60,green,2015-09-21,10345,"Kerluke, Hartmann and Trantow"
Diane,Kelly,Charleston,WV,shirt,90,red,2015-12-07,10346,Berge Inc
Amy,Hudson,Savannah,GA,shirt,80,blue,2014-08-30,10347,Haag and Sons
Thomas,Reyes,Erie,PA,shirt,100,green,2014-07-03,10348,"Stanton, Veum and Homenick"
Russell,Stephens,Green Bay,WI,shirt,80,red,2016-10-27,10349,"Morissette, Bogan and Murphy"
Carolyn,Grant,Alexandria,LA,hat,10,blue,2016-05-05,10350,Hagenes-Kassulke
Denise,Hanson,Huntington,WV,shirt,90,green,2016-04-29,10351,McKenzie-Simonis
Eric,Nguyen,Dallas,TX,shirt,90,red,2014-06-20,10352,"Kunze, Hirthe and Nader"
Amy,Lane,Richmond,VA,hat,100,blue,2014-05-14,10353,Morar and Sons
Christina,Gardner,Springfield,MA,shirt,100,green,2016-05-26,10354,Quigley-Bradtke
Steve,Cooper,Montgomery,AL,hat,80,red,2016-03-14,10355,
Martha,Riley,Peoria,IL,shirt,20,blue,2015-08-30,10356,"Balistreri, Friesen and Ziemann"
Timothy,Payne,Indianapolis,IN,shirt,60,green,2016-08-18,10357,Franecki-Yundt
Harry,Jones,New Orleans,LA,shirt,90,red,2015-04-29,10358,Kshlerin LLC
Emily,James,Saint Louis,MO,shirt,50,blue,2015-10-18,10359,
Paul,Walker,El Paso,TX,hat,50,green,2015-05-16,10360,Kub-Schmitt
Nicholas,Barnes,Pittsburgh,PA,hat,100,red,2016-06-18,10361,Sawayn and Sons
Steve,Pierce,Oklahoma City,OK,shirt,100,blue,2015-05-06,10362,Gorczany Group
Mildred,Crawford,Burbank,CA,hat,100,green,2014-10-26,10363,Muller Group
Jason,Mitchell,San Francisco,CA,shirt,70,red,2016-04-01,10364,Krajcik-Gorczany
Russell,Dixon,Buffalo,NY,hat,70,blue,2014-05-25,10365,Schuppe-Crona
Douglas,Boyd,Denver,CO,hat,60,green,2014-12-22,10366,Olson and Sons
Michael,Gonzalez,Louisville,KY,shirt,50,red,2015-01-28,10367,"Stiedemann, Lynch and Lowe"
Christina,Burke,Charlotte,NC,shirt,40,blue,2014-02-28,10368,"Barrows, Prohaska and Bogan"
Ernest,Reed,Virginia Beach,VA,hat,20,green,2016-08-22,10369,Kuhn-Pfannerstill
Walter,Burns,Greeley,CO,shirt,90,red,2014-11-12,10370,"Waelchi, Kemmer and Rutherford"
Ronald,Bishop,Waco,TX,hat,100,blue,2014-03-18,10371,"Von, Littel and Bergstrom"
Norma,Morales,Macon,GA,hat,90,green,2016-02-05,10372,"Kuvalis, Weimann and Jerde"
Melissa,Franklin,Mobile,AL,hat,30,red,2016-10-09,10373,"Rohan, Denesik and Luettgen"
Carol,Ross,Newton,MA,shirt,70,blue,2014-03-21,10374,Pfeffer-Lynch
Clarence,Morales,Decatur,IL,shirt,90,green,2014-07-04,10375,Thompson-Bogisich
Christina,Burns,Atlanta,GA,hat,90,red,2014-03-27,10376,"Price, Connelly and Goyette"
Jimmy,Gutierrez,San Jose,CA,hat,20,blue,2015-01-05,10377,"Waelchi, Gerhold and Cremin"
Doris,Chavez,Alexandria,LA,shirt,80,green,2015-05-14,10378,Wolff Inc
Martha,Perez,Richmond,VA,shirt,90,red,2015-12-02,10379,Gulgowski-Herman
Andrea,Butler,Shawnee Mission,KS,hat,40,blue,2016-09-14,10380,"Effertz, Harber and Roob"
Roy,Black,Reading,PA,hat,60,green,2014-02-25,10381,Howell LLC
Carlos,Hanson,San Francisco,CA,shirt,50,red,2014-01-26,10382,
Timothy,Fernandez,Houston,TX,shirt,100,blue,2014-09-05,10383,Hartmann-Kilback
Mary,Richards,Aurora,CO,hat,70,green,2014-11-28,10384,Crooks-Walker
Peter,Hawkins,Littleton,CO,hat,90,red,2014-12-27,10385,"Walker, Lockman and Kuhic"
Christopher,Walker,Topeka,KS,hat,100,blue,2016-04-08,10386,"Botsford, Senger and Littel"
Rose,Rivera,Raleigh,NC,shirt,70,green,2015-10-22,10387,"Crist, Lindgren and Bogan"
Frances,Miller,New Orleans,LA,shirt,80,red,2015-05-19,10388,Kirlin LLC
Deborah,Snyder,Fort Wayne,IN,hat,100,blue,2016-09-26,10389,Veum LLC
John,Myers,Topeka,KS,hat,20,green,2014-04-10,10390,MacGyver Group
David,Thomas,Evansville,IN,hat,70,red,2016-01-24,10391,
Adam,Gonzales,Kansas City,MO,hat,80,blue,2015-03-11,10392,
Annie,Turner,Charlotte,NC,hat,10,green,2015-07-20,10393,Gerlach-Dicki
Bonnie,Willis,Saint Petersburg,FL,shirt,80,red,2016-07-11,10394,Howell Inc
Bonnie,Olson,Rochester,NY,hat,80,blue,2015-07-29,10395,
Phillip,Stone,Inglewood,CA,hat,50,green,2014-07-25,10396,"OConner, Zboncak and Hyatt"
Frances,Austin,Las Vegas,NV,shirt,100,red,2014-09-20,10397,Altenwerth-Pfeffer
Margaret,Myers,Salinas,CA,hat,80,blue,2015-10-18,10398,Toy-Hills
Irene,Watkins,Saginaw,MI,hat,80,green,2015-06-05,10399,"Stoltenberg, Sawayn and Schulist"
Charles,Edwards,Des Moines,IA,shirt,40,red,2016-03-31,10400,"Nitzsche, Barrows and Stamm"
Martha,Hudson,Tacoma,WA,shirt,90,blue,2016-07-30,10401,"Mraz, Bartell and Volkman"
Carolyn,Kelly,Bronx,NY,shirt,90,green,2016-10-30,10402,OReilly-Toy
Adam,Garcia,Fort Worth,TX,hat,90,red,2015-09-20,10403,"Erdman, Reilly and Zieme"
Wayne,Stevens,Bethesda,MD,hat,90,blue,2016-11-08,10404,Okuneva-Dickens
Gloria,Diaz,Austin,TX,shirt,90,green,2014-12-01,10405,Mayer-Connelly
Anthony,Warren,Crawfordsville,IN,hat,80,red,2014-05-31,10406,"Hessel, Sawayn and Wolff"
Ann,Harrison,Wilmington,DE,shirt,80,blue,2016-08-06,10407,Reilly-Friesen
Ashley,Franklin,Ventura,CA,shirt,90,green,2014-11-01,10408,Bahringer LLC
Melissa,Hughes,Kansas City,MO,hat,20,red,2016-03-23,10409,"Kris, Labadie and Buckridge"
Lawrence,Washington,Austin,TX,hat,100,blue,2016-09-03,10410,Waelchi and Sons
Carl,Matthews,Boise,ID,shirt,90,green,2015-08-19,10411,"Medhurst, Casper and Towne"
Donna,Johnston,New York City,NY,hat,40,red,2015-03-09,10412,Aufderhar Group
Donna,Hernandez,Sacramento,CA,shirt,80,blue,2016-03-21,10413,Schmitt-Swift
Brian,Bowman,Pompano Beach,FL,hat,80,green,2014-11-22,10414,Dickinson-Daugherty
Cheryl,Wallace,Evansville,IN,hat,40,red,2014-08-14,10415,DuBuque-Keebler
Dorothy,Cole,Stamford,CT,hat,30,blue,2014-07-19,10416,Bartell-Schaden
Jacqueline,Dixon,Athens,GA,hat,100,green,2016-01-25,10417,Schroeder and Sons
Edward,Mcdonald,Greenville,SC,hat,90,red,2014-08-26,10418,"Klocko, Altenwerth and Huels"
Juan,Morgan,San Antonio,TX,hat,90,blue,2013-12-25,10419,Zieme-Smith
Carol,Robinson,Fresno,CA,shirt,80,green,2015-01-20,10420,"Bauch, Rohan and Davis"
Victor,Hunt,Rochester,NY,hat,90,red,2013-12-20,10421,Streich-Marvin
Christine,Murray,Houston,TX,shirt,90,blue,2015-06-10,10422,Adams LLC
Denise,White,Newton,MA,hat,70,green,2015-06-15,10423,Walker-Bauch
Diane,Perry,Detroit,MI,shirt,90,red,2015-11-23,10424,Hodkiewicz Group
Angela,Ford,Salt Lake City,UT,shirt,20,blue,2014-10-03,10425,Frami-Mohr
Carl,Sanders,Pensacola,FL,shirt,90,green,2014-10-04,10426,Heller-Satterfield
Daniel,Alvarez,Spartanburg,SC,shirt,20,red,2014-05-02,10427,
Mark,Scott,Valdosta,GA,hat,100,blue,2016-03-18,10428,"Ernser, Eichmann and OReilly"
Ashley,Washington,Cincinnati,OH,hat,90,green,2016-01-04,10429,"Gerlach, Heaney and Murazik"
Alice,Shaw,Miami,FL,hat,50,red,2014-03-30,10430,"Hane, Jacobi and Lind"
Craig,Turner,Miami,FL,hat,80,blue,2015-01-11,10431,"Hammes, Hauck and Stokes"
Brenda,Owens,Nashville,TN,hat,40,green,2014-11-30,10432,
Stephen,Wagner,Tampa,FL,shirt,20,red,2014-09-17,10433,
Brandon,Morris,Jackson,MS,hat,80,blue,2016-01-05,10434,
Jeremy,Nguyen,Arlington,TX,shirt,40,green,2013-11-30,10435,"Gottlieb, Willms and Kuhn"
Roy,Arnold,Lakeland,FL,hat,90,red,2014-09-11,10436,Windler-Ryan
Lois,Cruz,Fullerton,CA,hat,90,blue,2016-03-20,10437,Reichert-Schultz
Roger,Harrison,Cumming,GA,hat,90,green,2015-12-14,10438,Goyette-Johnson
Jennifer,Burke,Savannah,GA,hat,80,red,2014-06-11,10439,Will and Sons
James,Elliott,Madison,WI,hat,80,blue,2016-11-11,10440,Roob Inc
Brenda,Brooks,Wichita,KS,shirt,90,green,2016-04-06,10441,Will LLC
Christine,Reyes,Orlando,FL,hat,80,red,2014-09-03,10442,Stokes-Williamson
Earl,Burns,Beaverton,OR,shirt,50,blue,2014-09-21,10443,"Wolff, Pfannerstill and Gaylord"
Andrew,Taylor,Silver Spring,MD,hat,80,green,2016-10-03,10444,Rosenbaum and Sons
Stephanie,Stevens,Minneapolis,MN,shirt,80,red,2013-11-17,10445,Little Group
Robin,Ryan,Tampa,FL,hat,30,blue,2014-11-28,10446,Collins Inc
Frank,Hughes,El Paso,TX,shirt,90,green,2015-08-18,10447,Reinger and Sons
William,Fernandez,El Paso,TX,shirt,10,red,2016-07-11,10448,Rolfson-Goldner
Jeffrey,Mason,El Paso,TX,hat,70,blue,2013-12-07,10449,Bernier-Kuphal
Wayne,Williams,Colorado Springs,CO,hat,70,green,2014-01-25,10450,
Juan,Bradley,Roanoke,VA,hat,70,red,2015-11-30,10451,Bogan-Muller
Kelly,White,Springfield,OH,shirt,90,blue,2014-04-20,10452,"Koelpin, Stokes and Kuhic"
Richard,Stevens,Akron,OH,shirt,60,green,2016-07-11,10453,"Feeney, Conroy and Nikolaus"
Carlos,Chapman,Los Angeles,CA,hat,30,red,2016-03-27,10454,"Bernier, Kling and Lindgren"
Brian,Bradley,Kansas City,MO,hat,80,blue,2016-06-07,10455,
Laura,Mason,Milwaukee,WI,shirt,100,green,2015-10-28,10456,Gutkowski-Mraz
Alice,Roberts,Montgomery,AL,shirt,80,red,2015-08-25,10457,Langosh Group
Anna,Jackson,Visalia,CA,hat,80,blue,2013-11-30,10458,Jakubowski Inc
Stephanie,Gomez,Orlando,FL,hat,90,green,2014-08-31,10459,Marquardt-Ziemann
Maria,Palmer,San Francisco,CA,hat,80,red,2016-04-04,10460,Williamson-Bradtke
Richard,Russell,Bloomington,IN,hat,70,blue,2015-12-03,10461,Murray Inc
Theresa,Torres,Austin,TX,hat,40,green,2015-11-26,10462,"Schamberger, Williamson and Casper"
Carol,Campbell,Greenville,SC,hat,80,red,2016-01-02,10463,"Mosciski, Haag and Hyatt"
Christina,Perry,Austin,TX,shirt,90,blue,2014-12-11,10464,Schmitt and Sons
Douglas,Peterson,Youngstown,OH,hat,80,green,2013-11-24,10465,Littel Group
Marilyn,Hall,Memphis,TN,hat,100,red,2014-01-14,10466,Moore-Cormier
Kenneth,Black,Myrtle Beach,SC,hat,20,blue,2015-08-03,10467,Williamson-Moen
Melissa,Richardson,Sioux Falls,SD,hat,60,green,2016-04-08,10468,"Deckow, Cole and Kassulke"
Kevin,Garcia,Arlington,VA,hat,30,red,2015-08-04,10469,"Kemmer, Dietrich and Predovic"
Dorothy,Boyd,Fairfax,VA,hat,50,blue,2014-08-01,10470,Stracke-Osinski
Julie,Day,Gilbert,AZ,shirt,20,green,2014-02-12,10471,"Kris, Shields and Mills"
Catherine,Anderson,Amarillo,TX,shirt,80,red,2014-07-10,10472,Wisozk and Sons
Andrea,Johnson,Memphis,TN,hat,90,blue,2013-11-15,10473,Lockman-Renner
Brenda,Brooks,Pittsburgh,PA,hat,100,green,2015-09-20,10474,Marks-Hintz
Randy,Cox,Flint,MI,shirt,100,red,2016-02-08,10475,Feeney Inc
Ronald,Henry,Arlington,VA,shirt,10,blue,2015-08-28,10476,Halvorson Inc
Judith,Cole,Minneapolis,MN,hat,80,green,2015-02-13,10477,Roberts-Goldner
Randy,Larson,Jamaica,NY,hat,100,red,2014-12-17,10478,"Schimmel, Nikolaus and Lehner"
Thomas,Jones,Columbia,SC,hat,90,blue,2014-03-20,10479,"DAmore, Harvey and Wehner"
Brandon,Jackson,Alhambra,CA,shirt,90,green,2015-04-15,10480,Wyman-Hintz
Andrew,Baker,Fort Wayne,IN,shirt,100,red,2015-04-24,10481,Marks Inc
Jimmy,Simmons,San Francisco,CA,hat,70,blue,2015-05-19,10482,Hayes-Wyman
Antonio,Romero,Phoenix,AZ,shirt,80,green,2014-03-25,10483,Ryan Inc
Fred,Lane,Suffolk,VA,shirt,100,red,2014-03-10,10484,
Elizabeth,Murphy,Memphis,TN,hat,80,blue,2014-01-26,10485,"Morar, Botsford and Crona"
Donald,Woods,San Jose,CA,hat,70,green,2016-04-26,10486,Adams Inc
Peter,Snyder,Sioux Falls,SD,shirt,80,red,2016-09-04,10487,Wolf-Rodriguez
Jimmy,Foster,Colorado Springs,CO,shirt,100,blue,2015-01-18,10488,Aufderhar-Bosco
Marilyn,Payne,Los Angeles,CA,hat,90,green,2014-10-15,10489,Torp-Kilback
Julie,Turner,Houston,TX,shirt,90,red,2015-12-22,10490,"Rogahn, Mosciski and Johnston"
Frances,Hunter,Indianapolis,IN,hat,30,blue,2015-10-24,10491,"Marvin, Schamberger and Purdy"
Willie,Olson,Las Vegas,NV,hat,50,green,2014-01-20,10492,"Rogahn, Shields and Fay"
Jesse,Gardner,San Antonio,TX,hat,90,red,2014-04-14,10493,Crist LLC
John,Gray,El Paso,TX,hat,30,blue,2016-10-27,10494,"Schmidt, Greenholt and Hodkiewicz"
Rachel,Jackson,Beaumont,TX,shirt,80,green,2016-07-10,10495,Terry LLC
Nancy,Roberts,Houston,TX,shirt,70,red,2015-04-04,10496,Hackett Inc
Frances,Hunter,Madison,WI,shirt,50,blue,2014-12-14,10497,"Bergnaum, Goodwin and Schneider"
Mary,Washington,Farmington,MI,shirt,40,green,2016-03-05,10498,"Eichmann, Kozey and Abbott"
James,Payne,Amarillo,TX,hat,90,red,2015-09-01,10499,Kuhic Group
